	photo_cnt	photo_like_cnt	photo_like_max	photo_like_mean	photo_like_median	photo_month_mean	photo_repost_cnt	photo_repost_max	photo_repost_mean	photo_repost_median	photo_text	photo_text_len_cnt	photo_yer_mean	uid	vk_photo_ava_change_cnt	vk_photo_text_url_len_cnt	vk_photo_wall_ph_post_cnt
2	3	249	106	83.0	74.0	1.0	0	0	0.0	0.0	  	0.0	1.5	182152789	0	0	0
3	19	2878	277	151.47368421052633	151.0	2.375	2	1	0.10526315789473684	0.0	                  	0.0	3.1666666666666665	148020433	0	0	0
4	7	2394	563	342.0	328.0	1.4	0	0	0.0	0.0	      	0.0	2.3333333333333335	138413935	0	0	0
5	50	1310	47	26.2	25.0	4.166666666666667	0	0	0.0	0.0	                                                 	0.0	12.5	366261055	0	0	0
6	35	1375	622	39.285714285714285	19.0	3.1818181818181817	0	0	0.0	0.0	                                  	0.0	8.75	111252392	0	0	0
7	10	183	40	18.3	17.5	2.5	0	0	0.0	0.0	         	0.0	1.6666666666666667	145109161	0	0	0
8	6	320	63	53.333333333333336	51.5	1.2	0	0	0.0	0.0	     	0.0	3.0	140207230	0	0	0
9	45	1558	81	34.62222222222222	34.0	3.75	0	0	0.0	0.0	                                            	0.0	7.5	226190631	0	0	0
10	16	1197	122	74.8125	71.0	2.2857142857142856	2	1	0.125	0.0	     –ü—Ä–µ–¥–Ω–æ–≤–æ–≥–æ–¥–Ω–µ–µ –Ω–∞—Å—Ç—Ä–æ–µ–Ω–∏–µ üåüüíû       To the moon & back   –ü—Ä–æ—Å—Ç–æ —Å—á–∞—Å—Ç–ª–∏–≤–∞...‚ù§Ô∏è	0.0	5.333333333333333	72089509	0	0	0
11														409423465.0			
12	16	1563	219	97.6875	92.0	2.6666666666666665	0	0	0.0	0.0	              –ö—Ä–∞—Å–∏–≤–æ–µ –≤ –ø—Ä–æ—Å—Ç–æ–º, –¥–∞?üõÅ 	0.0	4.0	200200185	0	0	0
13	7	158	44	22.571428571428573	15.0	2.3333333333333335	0	0	0.0	0.0	      	0.0	3.5	225034980	0	0	0
14	56	1075	138	19.196428571428573	14.5	4.666666666666667	1	1	0.017857142857142856	0.0	  –ì–†–ê–ñ–î–ê–ù–ö–ê –≠–†–≠–§, 17 –≥–æ–¥–∏–∫–æ–≤ —Ñ–∞–ø-—Ñ–∞–ø                               –π–æ—É                    –£–≥–∞–¥–∞–π –∫—Ç–æ 	0.0	8.0	202057474	0	0	0
15	18	647	68	35.94444444444444	35.0	2.0	0	0	0.0	0.0	                 	0.0	4.5	69234218	0	0	0
16	2	53	31	26.5	26.5	1.0	0	0	0.0	0.0	 	0.0	1.0	318022418	0	0	0
17														183553137.0			
18	7	238	54	34.0	36.0	1.1666666666666667	0	0	0.0	0.0	      	0.0	3.5	268125862	0	0	0
19	12	245	41	20.416666666666668	12.5	2.4	0	0	0.0	0.0	           	0.0	3.0	189498939	0	0	0
20	4	33	20	8.25	5.0	2.0	0	0	0.0	0.0	   	0.0	4.0	246467059	0	0	0
21	1	435	435	435.0	435.0	1.0	0	0	0.0	0.0		0.0	1.0	140518353	0	0	0
22	3	273	111	91.0	90.0	1.5	0	0	0.0	0.0	  	0.0	1.0	167112986	0	0	0
23	10	679	157	67.9	72.0	2.0	0	0	0.0	0.0	         	0.0	2.0	186415627	0	0	0
24	5	309	93	61.8	56.0	1.25	0	0	0.0	0.0	    	0.0	2.5	135097769	0	0	0
25	16	393	55	24.5625	24.5	1.6	1	1	0.0625	0.0	               	0.0	3.2	106288002	0	0	0
26	33	4508	280	136.6060606060606	121.0	2.75	2	1	0.06060606060606061	0.0	                                	0.0	8.25	241412773	0	0	0
27	1	115	115	115.0	115.0	1.0	0	0	0.0	0.0		0.0	1.0	101712503	0	0	0
28	3	72	43	24.0	22.0	1.0	0	0	0.0	0.0	 –∏—Å—Ç–æ—Ä–∏—á–µ—Å–∫–∞—è —Ö—É*–Ω—è 	0.0	1.5	94832083	0	0	0
29	17	2935	260	172.64705882352942	170.0	1.8888888888888888	0	0	0.0	0.0	                	0.0	4.25	219446892	0	0	0
30	80	1620	130	20.25	9.0	8.0	0	0	0.0	0.0	                                                                               	0.0	13.333333333333334	172082574	0	0	0
31	1	51	51	51.0	51.0	1.0	0	0	0.0	0.0		0.0	1.0	240089844	0	0	0
32	76	6158	236	81.02631578947368	77.5	6.333333333333333	0	0	0.0	0.0	                                                                     I ll come back asap      	0.0	25.333333333333332	179016158	0	0	0
33	4	245	97	61.25	68.5	1.0	1	1	0.25	0.0	   	0.0	4.0	314253284	0	0	0
34	6	340	144	56.666666666666664	44.0	1.5	0	0	0.0	0.0	     	0.0	1.5	194940049	0	0	0
35	5	142	55	28.4	22.0	2.5	0	0	0.0	0.0	    	0.0	1.6666666666666667	200751180	0	0	0
36														192630290.0			
37	3	127	61	42.333333333333336	33.0	1.5	0	0	0.0	0.0	  	0.0	1.0	43811470	0	0	0
38	3	5	3	1.6666666666666667	1.0	1.0	0	0	0.0	0.0	  	0.0	3.0	124479375	0	0	0
39	80	664	36	8.3	4.0	7.2727272727272725	0	0	0.0	0.0	                                                                               	0.0	11.428571428571429	206504603	0	0	0
40	2	118	62	59.0	59.0	1.0	0	0	0.0	0.0	 	0.0	1.0	102629900	0	0	0
41	331	5143	40	15.537764350453172	14.0	27.583333333333332	0	0	0.0	0.0	                                                                                             ‚ù§Ô∏è                               –ù–∞–º –Ω–∏–∫–æ–≥–¥–∞ –Ω–µ –Ω–∞–¥–æ–µ—Å—Ç —Ö–æ–¥–∏—Ç—å –Ω–∞ –∫–æ–Ω—Ü–µ—Ä—Ç—ã –ï–≥–æ—Ä–∞ –ö—Ä–∏–¥–∞              –ù–∞—Ä—è–¥–∏–ª–∏ —Å @mishak_d –Ω–æ–≤–æ–≥–æ–¥–Ω—é—é –∫—Ä–∞—Å–∞–≤–∏—Ü—É                                                                                                                                –ü—Ä–æ—à–ª—ã–π –ù–æ–≤—ã–π –ì–æ–¥ –ü—Ä–æ—à–ª—ã–π –ù–æ–≤—ã–π –ì–æ–¥ –ü—Ä–æ—à–ª—ã–π –ù–æ–≤—ã–π –ì–æ–¥              –õ–µ—Ç–æ.–ò—é–Ω—å.–ò—Å–ø–∞–Ω–∏—è –õ–µ—Ç–æ.–ò—é–Ω—å.–ò—Å–ø–∞–Ω–∏—è –õ–µ—Ç–æ.–ò—é–Ω—å.–ò—Å–ø–∞–Ω–∏—è  –ê–≤—Å—Ç—Ä–∏—è –ê–≤—Å—Ç—Ä–∏—è –ê–≤—Å—Ç—Ä–∏—è –ê–≤—Å—Ç—Ä–∏—è                     –£–∫—Ä–∞–∏–Ω–∞  –¢—É—Ä—Ü–∏—è –ò–Ω–¥–æ–Ω–µ–∑–∏—è –£–∫—Ä–∞–∏–Ω–∞ –•–æ—Ä–≤–∞—Ç–∏—è –•–æ—Ä–≤–∞—Ç–∏—è              	0.0	33.1	113591814	0	0	0
42	27	585	52	21.666666666666668	19.0	3.0	0	0	0.0	0.0	                     –¢–æ–¥–µ—Å –ö—Ä—ã–º ‚ù§Ô∏è     	0.0	4.5	131400840	0	0	0
43	64	1047	50	16.359375	16.0	5.818181818181818	0	0	0.0	0.0	                                                               	0.0	9.142857142857142	133818665	0	0	0
44	29	2917	146	100.58620689655173	104.0	2.6363636363636362	0	0	0.0	0.0	                      üíûüíûüíûüíûüíûüíûüíû  –°–ø–∞—Å–∏–±–æ –∑–∞ —ç—Ç–æ—Ç –¥–µ–Ω—å üå∏‚òÄ    	0.0	5.8	144345644	0	0	0
45	40	2569	126	64.225	64.0	4.0	0	0	0.0	0.0	                                       	0.0	8.0	145835178	0	0	0
46	379	3446	75	9.092348284960423	6.0	34.45454545454545	2	1	0.005277044854881266	0.0	                                                                                                                                                                                                                                                                                                                                                                                          	0.0	42.111111111111114	146469137	0	0	0
47	23	1691	254	73.52173913043478	52.0	3.2857142857142856	1	1	0.043478260869565216	0.0	                      	0.0	5.75	147709034	0	0	0
48	7	490	109	70.0	69.0	1.1666666666666667	0	0	0.0	0.0	      	0.0	3.5	155198402	0	0	0
49	23	484	66	21.043478260869566	18.0	2.875	0	0	0.0	0.0	                      	0.0	4.6	156208145	0	0	0
50	6	214	65	35.666666666666664	34.5	1.2	0	0	0.0	0.0	     	0.0	2.0	158880281	0	0	0
51	3	297	124	99.0	103.0	1.0	0	0	0.0	0.0	  	0.0	1.0	162913282	0	0	0
52	1514	3681	99	2.4313077939233816	0.0	126.16666666666667	11	3	0.00726552179656539	0.0	"                                                                                         ""–ú–∏—Ä –ø–æ–Ω–∏"" - —Ä–∞—Å—Ç–∏ –ø–æ–Ω–∏ –≤–º–µ—Å—Ç–µ —Å–æ –º–Ω–æ–π! http://vk.com/mirpony    –ê–Ω–∏–º–µ —Ñ–æ—Ç–æ–∫–æ–ª–ª–∞–∂–∏ + –ö—Ç–æ —Ç—ã –∏–∑ –ê–Ω–∏–º–µ?! ‚òÖ  vk.com/app1979932 

–ö—Ç–æ —Ç—ã –∏–∑ –∞–Ω–∏–º–µ –°—Ç–∞–ª—å–Ω–æ–π –∞–ª—Ö–∏–º–∏–∫?     –ê–Ω–∏–º–µ —Ñ–æ—Ç–æ–∫–æ–ª–ª–∞–∂–∏ + –ö—Ç–æ —Ç—ã –∏–∑ –ê–Ω–∏–º–µ?! ‚òÖ  vk.com/app1979932 

–ö—Ç–æ —Ç—ã –∏–∑ –∞–Ω–∏–º–µ One Piece?  –ê–Ω–∏–º–µ —Ñ–æ—Ç–æ–∫–æ–ª–ª–∞–∂–∏ + –ö—Ç–æ —Ç—ã –∏–∑ –ê–Ω–∏–º–µ?! ‚òÖ  vk.com/app1979932 

–ö—Ç–æ —Ç—ã –∏–∑ –∞–Ω–∏–º–µ –õ–µ–≥–µ–Ω–¥–∞ –æ –ó–æ—Ä—Ä–æ?                                                                                                                                                                                                                                                                                                                                                                                                                                                                                                                                                                                                                                                                                                                                                                                                                                                                                                                                                                                                                                                                                                                                                                                                                                     –°–º–æ—Ç—Ä–∏ –ª—É—á—à–∏–µ –∫–æ–º–∏–∫—Å—ã –ü–∞–ø–∞ –∏ –°—ã–Ω. –°–æ–∑–¥–∞–≤–∞–π —Å–≤–æ–∏ -> http://vk.com/staredad_comics –°–º–æ—Ç—Ä–∏ –ª—É—á—à–∏–µ –∫–æ–º–∏–∫—Å—ã –ü–∞–ø–∞ –∏ –°—ã–Ω. –°–æ–∑–¥–∞–≤–∞–π —Å–≤–æ–∏ -> http://vk.com/staredad_comics –°–º–æ—Ç—Ä–∏ –ª—É—á—à–∏–µ –∫–æ–º–∏–∫—Å—ã –ü–∞–ø–∞ –∏ –°—ã–Ω. –°–æ–∑–¥–∞–≤–∞–π —Å–≤–æ–∏ -> http://vk.com/staredad_comics –°–º–æ—Ç—Ä–∏ –ª—É—á—à–∏–µ –∫–æ–º–∏–∫—Å—ã –ü–∞–ø–∞ –∏ –°—ã–Ω. –°–æ–∑–¥–∞–≤–∞–π —Å–≤–æ–∏ -> http://vk.com/staredad_comics –°–º–æ—Ç—Ä–∏ –ª—É—á—à–∏–µ –∫–æ–º–∏–∫—Å—ã –ü–∞–ø–∞ –∏ –°—ã–Ω. –°–æ–∑–¥–∞–≤–∞–π —Å–≤–æ–∏ -> http://vk.com/staredad_comics            –¥–≤–∏–≥–∞–ª–∞—Å—å –∫–∞—Ä—Ç–∏–Ω–∫–∞... –¢–æ–¢                                                                                                                                                              –Ω—è                                                  "	0.0	189.25	165653178	0	9	0
53	1	28	28	28.0	28.0	1.0	0	0	0.0	0.0		0.0	1.0	166728293	0	0	0
54	2	263	141	131.5	131.5	1.0	0	0	0.0	0.0	 	0.0	2.0	168675322	0	0	0
55	5	539	152	107.8	134.0	1.0	0	0	0.0	0.0	    	0.0	1.6666666666666667	172327645	0	0	0
56	30	1764	181	58.8	45.5	3.0	0	0	0.0	0.0	                             	0.0	4.285714285714286	173079267	0	0	0
57	21	1353	162	64.42857142857143	71.0	2.625	0	0	0.0	0.0	                    	0.0	7.0	176720542	0	0	0
58	4	243	90	60.75	54.0	1.0	0	0	0.0	0.0	   	0.0	1.3333333333333333	178537280	0	0	0
59	2	8	8	4.0	4.0	2.0	0	0	0.0	0.0	 	0.0	2.0	186278713	0	0	0
60	50	4802	288	96.04	71.0	4.545454545454546	2	1	0.04	0.0	                                                 	0.0	8.333333333333334	189727218	0	0	0
61	12	563	65	46.916666666666664	48.0	1.3333333333333333	0	0	0.0	0.0	           	0.0	2.0	190871426	0	0	0
62	1	45	45	45.0	45.0	1.0	0	0	0.0	0.0		0.0	1.0	194113525	0	0	0
63	26	759	57	29.192307692307693	26.5	3.25	0	0	0.0	0.0	         –ú–æ–π —Ç–æ—Ä—Ç –Ω–∞ –¥—Ä                	0.0	4.333333333333333	194539981	0	0	0
64	12	401	75	33.416666666666664	33.0	2.0	0	0	0.0	0.0	           	0.0	2.0	194677359	0	0	0
65	4	153	54	38.25	42.5	1.3333333333333333	0	0	0.0	0.0	   	0.0	2.0	202855356	0	0	0
66	226	1143	47	5.057522123893805	3.0	18.833333333333332	0	0	0.0	0.0	                                                                                                                                                                                                                                 	0.0	32.285714285714285	219832178	0	0	0
67	98	5294	280	54.02040816326531	23.5	8.166666666666666	1	1	0.01020408163265306	0.0	"                          –ú–æ—è —Å–∫–∞–Ω–æ–≥—Ä–∞—Ñ–∏–∫–∞ –∏–∑ –ø—Ä–∏–ª–æ–∂–µ–Ω–∏—è –°–∫–∞–Ω–æ–≥—Ä–∞—Ñ
 –¢–∞–∫—É—é –∂–µ —Å–¥–µ–ª–∞—Ç—å –º–æ–∂–Ω–æ —Ç—É—Ç  : https://vk.cc/6QAvoF            –ú–æ—è —Å–∫–∞–Ω–æ–≥—Ä–∞—Ñ–∏–∫–∞ –∏–∑ –ø—Ä–∏–ª–æ–∂–µ–Ω–∏—è –°–∫–∞–Ω–æ–≥—Ä–∞—Ñ
 –¢–∞–∫—É—é –∂–µ —Å–¥–µ–ª–∞—Ç—å –º–æ–∂–Ω–æ —Ç—É—Ç  : https://vk.com/app4179612                                     –†–∞—Å—à–∏—Ñ—Ä–æ–≤–∫–∞ —Ç–≤–æ–µ–≥–æ –∏–º–µ–Ω–∏ ‚Üí vk.com/app4530276#app2   –Ø –ø–æ–±–µ–¥–∏–ª –≤ —Ç—É—Ä–Ω–∏—Ä–µ ""–¢—É—Ä–Ω–∏—Ä –û–ø—Å—ã"" –≤ –∏–≥—Ä–µ –ì–ª–∞–¥–∏–∞—Ç–æ—Ä—ã                   "	0.0	16.333333333333332	238418880	0	3	0
68	3	54	34	18.0	11.0	1.5	0	0	0.0	0.0	  	0.0	1.5	241191497	0	0	0
69	1	116	116	116.0	116.0	1.0	0	0	0.0	0.0		0.0	1.0	241698242	0	0	0
70	3	67	25	22.333333333333332	23.0	1.0	0	0	0.0	0.0	  	0.0	1.5	247292705	0	0	0
71	3	53	37	17.666666666666668	11.0	1.5	0	0	0.0	0.0	  	0.0	3.0	259106820	0	0	0
72	29	294	39	10.137931034482758	9.0	4.142857142857143	0	0	0.0	0.0	                            	0.0	9.666666666666666	259423900	0	0	0
73														259955111.0			
74	1	38	38	38.0	38.0	1.0	0	0	0.0	0.0		0.0	1.0	277697401	0	0	0
75														277990479.0			
76	6	92	23	15.333333333333334	13.0	1.2	0	0	0.0	0.0	     	0.0	1.5	280359257	0	0	0
77	44	4593	189	104.38636363636364	104.0	4.4	0	0	0.0	0.0	                                           	0.0	14.666666666666666	284272314	0	0	0
78														286802151.0			
79	7	194	46	27.714285714285715	26.0	1.4	0	0	0.0	0.0	      	0.0	2.3333333333333335	289188415	0	0	0
80	41	1808	90	44.09756097560975	41.0	3.727272727272727	0	0	0.0	0.0	                                        	0.0	8.2	302375938	0	0	0
81	2	74	44	37.0	37.0	1.0	0	0	0.0	0.0	 	0.0	2.0	306519055	0	0	0
82	149	6769	90	45.42953020134228	44.0	12.416666666666666	0	0	0.0	0.0	                                                                                                                                                    	0.0	37.25	317129646	0	0	0
83	2	695	475	347.5	347.5	1.0	0	0	0.0	0.0	 	0.0	1.0	317626410	0	0	0
84	8	329	89	41.125	30.5	1.1428571428571428	0	0	0.0	0.0	       	0.0	2.0	321530779	0	0	0
85	3	16	7	5.333333333333333	7.0	1.5	0	0	0.0	0.0	  	0.0	3.0	332513941	0	0	0
86	9	511	87	56.77777777777778	55.0	1.5	0	0	0.0	0.0	        	0.0	2.25	370514239	0	0	0
87	9	342	93	38.0	33.0	1.5	0	0	0.0	0.0	        	0.0	3.0	391149201	0	0	0
88	4	155	52	38.75	46.5	1.0	0	0	0.0	0.0	   	0.0	4.0	438994254	0	0	0
89	16	470	78	29.375	21.0	2.2857142857142856	0	0	0.0	0.0	               	0.0	8.0	462833040	0	0	0
90	4	75	30	18.75	17.5	1.3333333333333333	0	0	0.0	0.0	   	0.0	2.0	508667601	0	0	0
91	1	2	2	2.0	2.0	1.0	0	0	0.0	0.0		0.0	1.0	560891993	0	0	0
92														570114842.0			
93	8	159	64	19.875	11.0	1.3333333333333333	0	0	0.0	0.0	       	0.0	4.0	95174956	0	0	0
94	3	22	15	7.333333333333333	7.0	1.0	0	0	0.0	0.0	  	0.0	1.5	288996689	0	0	0
95	14	303	33	21.642857142857142	21.0	2.0	0	0	0.0	0.0	             	0.0	3.5	183727150	0	0	0
96	4	189	62	47.25	45.0	1.3333333333333333	0	0	0.0	0.0	   	0.0	2.0	426193177	0	0	0
97	28	664	115	23.714285714285715	16.0	2.5454545454545454	0	0	0.0	0.0	"(    ü§ôüèæ         –ó–∞–ø–æ–º–Ω–∏, –±—Ä–∞—Ç–∏—à–∫–∞, –±—É–¥—É—Ç –≥—Ä–æ–∑—ã-–¥–µ—Ä–∂–∏—Å—å, –±—É–¥—É—Ç –≤–µ—Ç—Ä–∞-–Ω–µ –≥–Ω–∏—Å—å, –±—É–¥—É—Ç —Å–ª–µ–∑—ã-–±–æ—Ä–∏—Å—å. –ü–æ–º–Ω–∏, –±—Ä–∞—Ç—É—Ö–∞, –∂–∏–∑–Ω—å-—ç—Ç–æ –∂–∏–∑–Ω—å...            –ú
–ú–æ–ª–æ–¥–æ—Å—Ç—å  ‚Äî—Ç—ã —Å–ø—Ä–æ—Å–∏—à—å –∫—Ç–æ –º–æ–π –∏–¥–æ–ª?
‚Äî—Å—É–∫–∞ desert eagle"	0.0	5.6	156207818	0	0	0
98														99390453.0			
99	4	76	28	19.0	18.5	1.3333333333333333	0	0	0.0	0.0	   	0.0	4.0	543608656	0	0	0
100	24	1013	119	42.208333333333336	31.5	2.6666666666666665	2	2	0.08333333333333333	0.0	                       	0.0	3.0	66657676	0	0	0
101														300893463.0			
102	1	13	13	13.0	13.0	1.0	0	0	0.0	0.0		0.0	1.0	354804942	0	0	0
103	71	2688	74	37.859154929577464	37.0	5.916666666666667	1	1	0.014084507042253521	0.0	                                                                      	0.0	11.833333333333334	278805800	0	0	0
104														37432477.0			
105														178676245.0			
106	60	1609	110	26.816666666666666	16.0	5.0	0	0	0.0	0.0	   Original: https://www.instagram.com/p/BzpT3y7j555/ Original: https://www.instagram.com/p/BwusqiNhI0W/                 Original: https://www.instagram.com/p/BtlL-kwHICC/                Original: http://www.kesteloo.net/image/cache/data/LPs-13/2012102917.27.56-1000x1000.jpg                      	0.0	15.0	145238602	0	4	0
107	7	631	146	90.14285714285714	80.0	1.1666666666666667	0	0	0.0	0.0	      	0.0	2.3333333333333335	112994686	0	0	0
108	3	157	71	52.333333333333336	45.0	1.5	0	0	0.0	0.0	  ‚ù£Ô∏è	0.0	1.5	116586049	0	0	0
109	9	318	43	35.333333333333336	38.0	1.8	0	0	0.0	0.0	        	0.0	9.0	265975011	0	0	0
110	5	361	156	72.2	60.0	1.6666666666666667	0	0	0.0	0.0	 –°–¢–ê–í–¨ –ö–õ–ê–°–° –ï–°–õ–ò –ó–ê –ó–û–ñ   	0.0	2.5	296527684	0	0	0
111	26	1167	90	44.88461538461539	42.5	2.3636363636363638	0	0	0.0	0.0	                         	0.0	5.2	82043956	0	0	0
112	29	135	16	4.655172413793103	4.0	2.9	0	0	0.0	0.0	                            	0.0	7.25	228249533	0	0	0
113	2	7	4	3.5	3.5	2.0	0	0	0.0	0.0	 	0.0	2.0	387889594	0	0	0
114	19	925	112	48.68421052631579	44.0	2.375	0	0	0.0	0.0	                  	0.0	4.75	173626282	0	0	0
115	25	4216	340	168.64	151.0	2.5	0	0	0.0	0.0	                        	0.0	6.25	156961333	0	0	0
116	9	491	101	54.55555555555556	42.0	1.5	0	0	0.0	0.0	        	0.0	2.25	134665523	0	0	0
117	67	3453	234	51.53731343283582	32.0	5.583333333333333	0	0	0.0	0.0	                                                          –û—Ö—Ä–µ–Ω–µ–Ω–Ω–∞—è –±–∞–±–∞ —Å–¥–µ–ª–∞–ª–∞ –º–Ω–µ –æ—Ö—Ä–µ–Ω–µ–Ω–Ω—É—é —Å–∏–≥–Ω—É üòé     –£–≥–∞–¥–∞–π–∫–∞: –≥–¥–µ –º–æ–∏ –Ω–æ–≥–∏? :D   	0.0	13.4	241205744	0	0	0
118	6	310	81	51.666666666666664	56.5	1.0	0	0	0.0	0.0	     	0.0	1.5	134715971	0	0	0
119	5	172	49	34.4	36.0	1.0	0	0	0.0	0.0	    	0.0	2.5	294230568	0	0	0
120	1	39	39	39.0	39.0	1.0	0	0	0.0	0.0		0.0	1.0	25549212	0	0	0
121														409049442.0			
122	63	410	41	6.507936507936508	3.0	6.3	0	0	0.0	0.0	                                    Original: http://cs615730.vk.me/v615730600/17131/mXWwUje7eqw.jpg       Ulfsaar - the Ursa Warrior      Original: http://cs624828.vk.me/v624828835/34794/FkVCkAFw5L4.jpg             	0.0	9.0	160709835	0	2	0
123	8	263	168	32.875	14.5	1.3333333333333333	0	0	0.0	0.0	       	0.0	2.6666666666666665	219248874	0	0	0
124	1	82	82	82.0	82.0	1.0	0	0	0.0	0.0		0.0	1.0	181081552	0	0	0
125	4	35	15	8.75	7.5	1.0	0	0	0.0	0.0	   	0.0	1.3333333333333333	256058099	0	0	0
126	75	2534	70	33.78666666666667	33.0	6.25	0	0	0.0	0.0	                                                                          	0.0	12.5	163204179	0	0	0
127	2	59	31	29.5	29.5	1.0	0	0	0.0	0.0	 	0.0	1.0	182728039	0	0	0
128	13	633	94	48.69230769230769	39.0	2.1666666666666665	1	1	0.07692307692307693	0.0	            	0.0	2.6	156070070	0	0	0
129	6	178	43	29.666666666666668	27.5	1.2	0	0	0.0	0.0	     	0.0	2.0	87839499	0	0	0
130	5	117	45	23.4	21.0	1.25	0	0	0.0	0.0	    	0.0	2.5	340793904	0	0	0
131	13	238	70	18.307692307692307	14.0	1.8571428571428572	0	0	0.0	0.0	            	0.0	2.6	139127493	0	0	0
132	285	2071	93	7.266666666666667	3.0	23.75	0	0	0.0	0.0	"                                                                                                                                                                                                                                                                            BERETTA            –°–¥–µ–ª–∞–Ω–æ –ø—Ä–∏–ª–æ–∂–µ–Ω–∏–µ–º –ö–æ–ª–ª–∞–∂ –î—Ä—É–∑–µ–π 2
http://vkontakte.ru/app2208440    "	0.0	31.666666666666668	144946455	0	1	0
133	3	88	57	29.333333333333332	24.0	1.0	0	0	0.0	0.0	  	0.0	1.5	192290078	0	0	0
134	7	115	24	16.428571428571427	16.0	1.4	0	0	0.0	0.0	      	0.0	3.5	249189711	0	0	0
135	6	133	46	22.166666666666668	20.0	1.2	0	0	0.0	0.0	     	0.0	2.0	161768211	0	0	0
136	20	517	78	25.85	12.0	2.5	0	0	0.0	0.0	                   	0.0	6.666666666666667	110382208	0	0	0
137	1	16	16	16.0	16.0	1.0	0	0	0.0	0.0		0.0	1.0	322139538	0	0	0
138	21	1363	118	64.9047619047619	56.0	2.625	0	0	0.0	0.0	                    	0.0	7.0	147249363	0	0	0
139														301828840.0			
140	3	306	169	102.0	90.0	1.0	0	0	0.0	0.0	  	0.0	1.0	137909771	0	0	0
141	9	495	77	55.0	49.0	1.2857142857142858	0	0	0.0	0.0	        	0.0	3.0	221679453	0	0	0
142	3	79	40	26.333333333333332	24.0	1.0	0	0	0.0	0.0	  	0.0	1.5	59981173	0	0	0
143														186713348.0			
144	57	5780	174	101.40350877192982	99.0	5.7	0	0	0.0	0.0	" –ö–æ–≥–¥–∞ —Ç—ã —É–≤–∏–¥–∏—à—å —á–µ–ª–æ–≤–µ–∫–∞ –±–µ–∑ —É–ª—ã–±–∫–∏, –ø–æ–¥–∞—Ä–∏ –µ–º—É —Å–≤–æ—é.  –¢–æ, —á—Ç–æ —Ç—ã –ª—é–±–∏—à—å, –Ω–∞–¥–æ –ª—é–±–∏—Ç—å –µ—â–µ —Å–∏–ª—å–Ω–µ–µ, –ø–æ—Ç–æ–º—É —á—Ç–æ –Ω–∞—Å—Ç—É–ø–∏—Ç –¥–µ–Ω—å, –∫–æ–≥–¥–∞ –æ–Ω–æ –º–æ–∂–µ—Ç —É–π—Ç–∏. –£ –∫–∞–∂–¥–æ–≥–æ –µ—Å—Ç—å —Ç–∞–∫–∏–µ –º–µ—Å—Ç–∞, 
–ó–∞–±—ã—Ç—å –æ –∫–æ—Ç–æ—Ä—ã—Ö –Ω–µ–≤–æ–∑–º–æ–∂–Ω–æ, 
–•–æ—Ç—è –±—ã –ø–æ—Ç–æ–º—É, —á—Ç–æ —Ç–∞–º –≤–æ–∑–¥—É—Ö 
–ü–æ–º–Ω–∏—Ç —Ç–≤–æ—ë —Å—á–∞—Å—Ç–ª–∏–≤–æ–µ –¥—ã—Ö–∞–Ω–∏–µ. My life. My parentsüíô –î–∞–ª—å—à–µ –≤—Å–µ—Ö —É–π–¥—ë—Ç —Ç–æ—Ç, –∫—Ç–æ –Ω–µ —É—Å—Ç—É–ø–∞–µ—Ç —Ä–∞–≤–Ω–æ–º—É —Å–µ–±–µ, —Å–æ—Ö—Ä–∞–Ω—è–µ—Ç –¥–æ—Å—Ç–æ–∏–Ω—Å—Ç–≤–æ –≤ –æ—Ç–Ω–æ—à–µ–Ω–∏—è—Ö –∫ —Å–∏–ª—å–Ω–µ–π—à–∏–º –∏ —É–º–µ–µ—Ç —Å–¥–µ—Ä–∂–∏–≤–∞—Ç—å —Å–µ–±—è –ø–æ –æ—Ç–Ω–æ—à–µ–Ω–∏—é –∫ –±–µ–∑–∑–∞—â–∏—Ç–Ω—ã–º. üñ§ –ù–∞–ø–∏—Ç–∞–π —Å–≤–æ–∏ –≥–ª–∞–∑–∞ —á—É–¥–æ–º. –ñ–∏–≤–∏ —Ç–∞–∫, –∫–∞–∫ –µ—Å–ª–∏ —á–µ—Ä–µ–∑ –¥–µ—Å—è—Ç—å —Å–µ–∫—É–Ω–¥ —É–º—Ä—ë—à—å –Ω–∞ –º–µ—Å—Ç–µ. –õ—é–±–∏—Ç—å, —Ä–∞–¥–æ–≤–∞—Ç—å—Å—è –∂–∏–∑–Ω–∏ –∏ –±—ã—Ç—å —Å—á–∞—Å—Ç–ª–∏–≤—ã–º–∏ –Ω–∏–∫–æ–≥–¥–∞ –Ω–µ –ø–æ–∑–¥–Ω–æ. 
–£ —Å—á–∞—Å—Ç—å—è –Ω–µ—Ç —Å—Ä–æ–∫–∞ –≥–æ–¥–Ω–æ—Å—Ç–∏ –∏ –≤–æ–∑—Ä–∞—Å—Ç–Ω—ã—Ö –æ–≥—Ä–∞–Ω–∏—á–µ–Ω–∏–π. –ß–µ–º –º–µ–Ω—å—à–µ –≤ –≥–æ–ª–æ–≤–µ –æ–∂–∏–¥–∞–Ω–∏–π, —Ç–µ–º –±–æ–ª—å—à–µ –≤ –∂–∏–∑–Ω–∏ —Å—é—Ä–ø—Ä–∏–∑–æ–≤ üñ§üç∑ü•• –†–∞–¥—É–π—Å—è —Ç–æ–º—É,—á—Ç–æ –∏–º–µ–µ—à—å. –ù–µ –≥—Ä—É—Å—Ç–∏ –æ —Ç–æ–º,—á–µ–≥–æ –Ω–µ—Ç. –ï—Å—Ç—å —Ç–µ, –∫–æ–º—É –Ω–µ –≤—Å–µ —Ä–∞–≤–Ω–æ. –ò –Ω–∞ —ç—Ç–æ–º –≤—Å–µ —Å—Ç—Ä–æ–∏—Ç—Å—è. –ì–ª–∞–≤–Ω–æ–µ - –≤—Å—Ç—Ä–µ—Ç–∏—Ç—å —Ç–∞–∫–∏—Ö –ª—é–¥–µ–π.
üê±üñ§ –¶–µ–Ω–∏—Ç–µ –≤—Ä–µ–º—è: –¥–Ω–∏ —É—Ö–æ–¥—è—Ç –Ω–µ–≤–æ–∑–≤—Ä–∞—Ç–Ω–æ! –ò –Ω–µ—Ç –≤–µ–ª–∏—á–∏—è —Ç–∞–º, –≥–¥–µ –Ω–µ—Ç –ø—Ä–æ—Å—Ç–æ—Ç—ã, –¥–æ–±—Ä–∞ –∏ –ø—Ä–∞–≤–¥—ãüêã –ï—Å–ª–∏ —Ö–æ—á–µ—à—å —Å—á–∞—Å—Ç—å—è, –Ω–µ –¥—É–º–∞–π –æ –ª–∏—à–µ–Ω–∏—è—Öü§™ –î–æ–±—Ä—ã–π –¥–µ–Ω—å, –º–æ—è —é–Ω–æ—Å—Ç—å. 
–ë–æ–∂–µ –º–æ–π, –¥–æ —á–µ–≥–æ —Ç—ã –ø—Ä–µ–∫—Ä–∞—Å–Ω–∞. –í—ã –∑–Ω–∞–µ—Ç–µ, —á—Ç–æ –ª—é–¥–∏ –º–æ–≥—É—Ç –Ω–µ –≤–µ—Ä–Ω—É—Ç—å—Å—è?
–∑–∞–∂–∞–≤ –≤—Å—é –≤–æ–ª—é –≤ –∫—É–ª–∞–∫–µ, –í–∞—Å –æ—Ç–ø—É—Å—Ç–∏—Ç—å?
–∏ –∫–∞–∫-—Ç–æ —É—Ç—Ä–æ–º —Å –º—ã—Å–ª—è–º–∏, –Ω–æ –Ω–µ –æ –í–∞—Å, –ø—Ä–æ—Å–Ω—É—Ç—å—Å—è
–∏ –±–æ–ª—å—à–µ –í–∞—Å –Ω–µ –∂–¥–∞—Ç—å –∏ –Ω–µ –æ –í–∞—Å –≥—Ä—É—Å—Ç–∏—Ç—å.

–í—ã –∑–Ω–∞–µ—Ç–µ, —á—Ç–æ –ª—é–¥–∏ –º–æ–≥—É—Ç –Ω–µ –≤–µ—Ä–Ω—É—Ç—å—Å—è?
–Ω–µ –≤—ã–¥–µ—Ä–∂–∞—Ç—å, —Å–≤–æ–π –º–∏—Ä —Å–ª–æ–º–∞–≤, –í–∞—Å –Ω–µ –ø—Ä–æ—Å—Ç–∏—Ç—å?
–∏ —Å–æ —Å–ª–µ–∑–∞–º–∏ –Ω–∞ –≥–ª–∞–∑–∞—Ö –æ—Ç –í–∞—Å –Ω–∞ 100 –∫–ª—é—á–µ–π –∑–∞–º–∫–Ω—É—Ç—å—Å—è
–∏ –ø–æ–Ω–∏–º–∞—è, —á—Ç–æ –Ω–µ—Ç —Å–∏–ª, –í–∞—Å –Ω–∞–≤—Å–µ–≥–¥–∞ –∑–∞–±—ã—Ç—å.  –ü—Å–∫–æ–≤üê• Amore, –º–æ—Ä–µ –ø–æ–º–Ω–∏—Ç –≤—Å–µ –Ω–∞–∏–∑—É—Å—Ç—åüå∏    –ë—ã–≤–∞–µ—Ç –≥–æ—Ä—å–∫–∏–º –¥–∞–∂–µ –º—ë–¥‚Ä¶ 
–ë—ã–≤–∞–µ—Ç –ø–æ–ª—å–∑–∞ –æ—Ç –≤—Ä–µ–¥–∞‚Ä¶ 
–õ—é–±–æ–≤—å –∫–æ –≤—Å–µ–º –ø–æ–¥—Ö–æ–¥ –Ω–∞–π–¥—ë—Ç, 
–ß—Ç–æ–± —Ä–∞–Ω–∏—Ç—å —Å–µ—Ä–¥—Ü–µ –Ω–∞–≤—Å–µ–≥–¥–∞‚Ä¶ 

–ú—ã –≤ –º–æ–ª–æ–¥–æ—Å—Ç–∏ –≥–Ω—ë–∑–¥–∞ –≤—å—ë–º, 
–ß—Ç–æ–± –ø—Ä–∏–≤–µ—Å—Ç–∏ —Ç—É–¥–∞ –ø—Ç–µ–Ω—Ü–æ–≤‚Ä¶ 
–ü–æ—Ç–æ–º –≤—Å—ë —Ä—É—à–∏–º –¥–µ–Ω—å –∑–∞ –¥–Ω—ë–º‚Ä¶ 
–ö—Ç–æ –æ—Å—Ç–∞–Ω–æ–≤–∏—Ç –Ω–∞—Å ‚Äì –≥–ª—É–ø—Ü–æ–≤? 

–ó–∞—á–µ–º –º—ã –∏—â–µ–º –Ω–æ–≤—ã–π –ø—É—Ç—å, 
–ß—Ç–æ –Ω–µ –≤—Å–µ–≥–¥–∞ –≤–µ–¥—ë—Ç –∫ –º–µ—á—Ç–∞–º‚Ä¶ 
–°–µ–º—å—è ‚Äì –µ—Å—Ç—å –∂–∏–∑–Ω—å –∏ –≤ —ç—Ç–æ–º —Å—É—Ç—å‚Ä¶ 
–ü–æ–Ω—è—Ç—å —Å–∫–æ—Ä–µ–π –±—ã —ç—Ç–æ –Ω–∞–º‚Ä¶ 

–í–µ–¥—å —Ç–∞–º, –∑–∞ –Ω–æ–≤–æ—é —á–µ—Ä—Ç–æ–π, 
–ú—ã –æ–±—è–∑–∞—Ç–µ–ª—å–Ω–æ –ø–æ–π–º—ë–º, 
–ß—Ç–æ –Ω–µ —Ö–≤–∞—Ç–∞–µ—Ç –∂–∏–∑–Ω–∏ —Ç–æ–π, 
–ì–¥–µ –±—ã–ª —É—é—Ç–Ω—ã–º —Å—Ç–∞—Ä—ã–π –¥–æ–º‚Ä¶ 

–ì–¥–µ –æ—Ç –ª—é–±–≤–∏ –¥—É—à–∞ –∂–∏–ª–∞ 
–ù–∞ —Ñ–æ–Ω–µ –≤—ã—Ü–≤–µ—Ç—à–∏—Ö –≥–∞—Ä–¥–∏–Ω, 
–ì–¥–µ –æ–±–µ—â–∞–Ω–∏–µ –¥–∞–ª–∞ ‚Äì 
–õ—é–±–∏—Ç—å –¥–æ —Å—Ç–∞—Ä—á–µ—Å–∫–∏—Ö –º–æ—Ä—â–∏–Ω‚Ä¶ 

–ù–æ –ø–æ–¥ —Ä—É–∏–Ω–∞–º–∏ –ª—é–±–≤–∏ 
–¢–∞–∫ —Ç—è–∂–µ–ª–æ —Å–µ–º—å—é —Å–ø–∞—Å—Ç–∏‚Ä¶ 
–ú–æ–ª—á–∞–Ω—å–µ–º –¥—É—à—É –Ω–µ —Ç—Ä–∞–≤–∏‚Ä¶ 
–ù–µ –æ–ø–æ–∑–¥–∞–π —Å–∫–∞–∑–∞—Ç—å ¬´–ü—Ä–æ—Å—Ç–∏!¬ª 

–°–µ–º—å—è ‚Äì –Ω–µ –ø—Ä–æ—Å—Ç–æ –∂–∏–∑–Ω—å –ª—é–¥–µ–π 
–° –¥–µ—Ç—å–º–∏ –ø–æ–¥ –∫—Ä—ã—à–µ—é –æ–¥–Ω–æ–π‚Ä¶ 
–ù–µ—Ç –≤ –º–∏—Ä–µ –Ω–∏–∫–æ–≥–æ —Ä–æ–¥–Ω–µ–π, 
–ß–µ–º —Ç–µ, –∫–æ–≥–æ –∑–æ–≤—ë–º —Å–µ–º—å—ë–π‚Ä¶ 

–ê –ø–æ—Å–ª–µ —à—Ç–æ—Ä–º–∞ –±—É–¥–µ—Ç —à—Ç–∏–ª—å 
–ò –Ω—É–∂–Ω–æ –≤–º–µ—Å—Ç–µ –ø–µ—Ä–µ–∂–¥–∞—Ç—å‚Ä¶ 
–í–µ–¥—å —Å—Å–æ—Ä—ã ‚Äì —ç—Ç–æ –ø—Ä–æ—Å—Ç–æ –ø—ã–ª—å, 
–ß—Ç–æ –Ω—É–∂–Ω–æ –ø—Ä–æ—á—å –º–µ—Ç–ª–æ—é –≥–Ω–∞—Ç—å‚Ä¶ 

–ë—ã–≤–∞–µ—Ç –≥–æ—Ä—å–∫–∏–º –¥–∞–∂–µ –º—ë–¥, 
–ù–æ –≤–µ—Ç—Ä–æ–º –ø—Ä–æ—á–Ω—ã–π –¥–æ–º –Ω–µ —Å–¥—É—Ç—å. 
–ò –Ω—É–∂–Ω–æ –ø–æ–º–Ω–∏—Ç—å –æ–± –æ–¥–Ω–æ–º: 
–°–µ–º—å—è ‚Äì –µ—Å—Ç—å –∂–∏–∑–Ω—å –∏ –≤ —ç—Ç–æ–º —Å—É—Ç—å‚Ä¶
‚ô•Ô∏è –¢–≤–æ—è –∂–∏–∑–Ω—å –≤—Å–µ–≥–¥–∞ –¥–≤–∏–∂–µ—Ç—Å—è –≤ —Å—Ç–æ—Ä–æ–Ω—É —Ç–≤–æ–µ–π —Å–∞–º–æ–π —Å–∏–ª—å–Ω–æ–π –º—ã—Å–ª–∏ üí≠ –í–µ–¥—å –µ—Å–ª–∏ –∑–≤–µ–∑–¥—ã –∑–∞–∂–∏–≥–∞—é—Ç - –∑–Ω–∞—á–∏—Ç- —ç—Ç–æ –∫–æ–º—É –Ω–∏–±—É–¥—å –Ω—É–∂–Ω–æüåå                               "	0.0	9.5	149190815	0	0	0
145	37	3936	229	106.37837837837837	104.0	3.3636363636363638	0	0	0.0	0.0	                                 (:   	0.0	7.4	134635136	0	0	0
146	3	138	77	46.0	37.0	1.0	0	0	0.0	0.0	  	0.0	1.0	203033018	0	0	0
147	7	548	123	78.28571428571429	75.0	1.4	0	0	0.0	0.0	      	0.0	1.75	73090063	0	0	0
148	3	61	47	20.333333333333332	8.0	1.0	0	0	0.0	0.0	  	0.0	1.5	55791439	0	0	0
149	5	294	115	58.8	55.0	1.6666666666666667	0	0	0.0	0.0	    	0.0	1.6666666666666667	144094476	0	0	0
150	31	1060	131	34.193548387096776	14.0	3.4444444444444446	0	0	0.0	0.0	                              	0.0	4.428571428571429	171526066	0	0	0
151	30	332	33	11.066666666666666	7.5	3.3333333333333335	0	0	0.0	0.0	                             	0.0	5.0	132876203	0	0	0
152	5	463	117	92.6	85.0	1.0	0	0	0.0	0.0	    	0.0	1.6666666666666667	50855351	0	0	0
153														364453919.0			
154	20	2337	233	116.85	106.5	2.5	0	0	0.0	0.0	                   	0.0	5.0	121297617	0	0	0
155	1	24	24	24.0	24.0	1.0	0	0	0.0	0.0		0.0	1.0	48410695	0	0	0
156	7	438	85	62.57142857142857	63.0	1.75	0	0	0.0	0.0	      	0.0	1.75	189200427	0	0	0
157	30	1931	138	64.36666666666666	58.5	2.727272727272727	0	0	0.0	0.0	                             	0.0	5.0	84894888	0	0	0
158	8	1222	210	152.75	151.0	1.1428571428571428	0	0	0.0	0.0	       	0.0	4.0	199291420	0	0	0
159	5	96	34	19.2	19.0	1.25	0	0	0.0	0.0	    	0.0	1.25	207838290	0	0	0
160	1	65	65	65.0	65.0	1.0	0	0	0.0	0.0		0.0	1.0	260422201	0	0	0
161	37	816	50	22.054054054054053	20.0	3.7	0	0	0.0	0.0	–ë—ã–ª–æ –≤—Ä–µ–º—è            –õ—é–±–ª—é —ç—Ç–æ –º–µ—Å—Ç–æ, —ç—Ç–∏ –≤–∏–¥—ã...       –†—É–∫–∏ –≤ –±–æ–∫–∏                 	0.0	7.4	184846419	0	0	0
162	5	192	56	38.4	51.0	1.0	0	0	0.0	0.0	    	0.0	1.6666666666666667	251560137	0	0	0
163														248022316.0			
164	51	3648	176	71.52941176470588	66.0	5.1	0	0	0.0	0.0	         –©–µ–∫–∏.                       Questüíô                  	0.0	10.2	132956615	0	0	0
165	23	727	81	31.608695652173914	29.0	3.2857142857142856	1	1	0.043478260869565216	0.0	                      	0.0	7.666666666666667	330169078	0	0	0
166	4	151	50	37.75	41.5	1.0	0	0	0.0	0.0	   	0.0	2.0	156240392	0	0	0
167	3	113	39	37.666666666666664	38.0	1.0	0	0	0.0	0.0	  	0.0	1.0	160020211	0	0	0
168	8	231	59	28.875	24.5	1.3333333333333333	0	0	0.0	0.0	       	0.0	2.0	80608138	0	0	0
169	3	145	54	48.333333333333336	52.0	1.0	2	1	0.6666666666666666	1.0	  	0.0	3.0	66338258	0	0	0
170	2	97	59	48.5	48.5	1.0	0	0	0.0	0.0	 	0.0	1.0	287509892	0	0	0
171	18	530	61	29.444444444444443	27.0	2.0	0	0	0.0	0.0	                 	0.0	4.5	295926022	0	0	0
172	9	154	34	17.11111111111111	18.0	1.2857142857142858	1	1	0.1111111111111111	0.0	–°–æ–∑–¥–∞–Ω–æ –≤ –ø—Ä–∏–ª–æ–∂–µ–Ω–∏–∏ –ü–æ–ø—É–ª—è—Ä–Ω–æ—Å—Ç—å : https://vk.com/app7068769        	0.0	2.25	204186546	0	1	0
173	6	14	4	2.3333333333333335	2.5	1.2	0	0	0.0	0.0	     	0.0	3.0	253915371	0	0	0
174	135	1768	58	13.096296296296297	12.0	11.25	0	0	0.0	0.0	                                                                                                                                      	0.0	19.285714285714285	206635441	0	0	0
175	8	74	16	9.25	9.0	2.6666666666666665	0	0	0.0	0.0	       	0.0	8.0	170791667	0	0	0
176	7	703	209	100.42857142857143	58.0	1.75	0	0	0.0	0.0	      	0.0	1.75	112974544	0	0	0
177	33	1305	205	39.54545454545455	31.0	3.3	1	1	0.030303030303030304	0.0	                                	0.0	8.25	135934873	0	0	0
178														65719468.0			
179	72	6904	470	95.88888888888889	73.5	6.0	2	1	0.027777777777777776	0.0	                                                                       	0.0	14.4	138086790	0	0	0
180	6	334	91	55.666666666666664	58.0	1.5	0	0	0.0	0.0	     	0.0	2.0	149535421	0	0	0
181	3	152	56	50.666666666666664	54.0	1.0	0	0	0.0	0.0	  	0.0	3.0	107478043	0	0	0
182	4	144	53	36.0	43.0	1.0	0	0	0.0	0.0	   	0.0	2.0	355161276	0	0	0
183	70	1870	80	26.714285714285715	25.0	5.833333333333333	0	0	0.0	0.0	                                                                     	0.0	14.0	171425636	0	0	0
184	16	832	87	52.0	46.0	2.2857142857142856	0	0	0.0	0.0	               	0.0	5.333333333333333	147026021	0	0	0
185	27	473	44	17.51851851851852	15.0	2.7	0	0	0.0	0.0	                          	0.0	5.4	152363152	0	0	0
186	57	989	57	17.350877192982455	16.0	5.7	0	0	0.0	0.0	                                                        	0.0	28.5	340066149	0	0	0
187	43	7295	396	169.65116279069767	155.0	3.5833333333333335	0	0	0.0	0.0	                                 http://instagram.com/ariadnochca         	0.0	8.6	172095113	0	1	0
188	107	1023	117	9.560747663551401	4.0	10.7	0	0	0.0	0.0	                                                                                                          	0.0	17.833333333333332	194723418	0	0	0
189	3	77	58	25.666666666666668	19.0	1.5	0	0	0.0	0.0	  	0.0	1.5	94493533	0	0	0
190	1	140	140	140.0	140.0	1.0	0	0	0.0	0.0		0.0	1.0	140832771	0	0	0
191														263306444.0			
192	109	2009	140	18.431192660550458	14.0	9.083333333333334	0	0	0.0	0.0	"                                            –Ø —Ç—É–¥–∞ –µ—â–µ –≤–µ—Ä–Ω—É—Å—å –ö–ª–∞—Å—Å–Ω—ã–π –≤–µ—á–µ—Ä‚öΩüî•  FIFA FAN-ZONEüòç   –í—Å–µ –≤ —Ç–≤–æ–∏—Ö —Ä—É–∫–∞—Ö –ï—â–µ —Ä–∞–∑ —Å –¥–Ω–µ–º —Ä–æ–∂–¥–µ–Ω–∏—è –∏ —Å –≤—ã—Ö–æ–¥–æ–º –Ω–æ–≤–æ–≥–æ –∞–ª—å–±–æ–º–∞, ltveveryday !!! –ï—â–µ —Ä–∞–∑ —Å –¥–Ω–µ–º —Ä–æ–∂–¥–µ–Ω–∏—è –∏ —Å –≤—ã—Ö–æ–¥–æ–º –Ω–æ–≤–æ–≥–æ –∞–ª—å–±–æ–º–∞, ltveveryday !!! –ï—â–µ —Ä–∞–∑ —Å –¥–Ω–µ–º —Ä–æ–∂–¥–µ–Ω–∏—è –∏ —Å –≤—ã—Ö–æ–¥–æ–º –Ω–æ–≤–æ–≥–æ –∞–ª—å–±–æ–º–∞, ltveveryday !!! –Ø —Å–æ–ª–¥–∞—Ç, –Ω–µ–¥–æ–Ω–æ—à–µ–Ω–Ω—ã–π —Ä–µ–±–µ–Ω–æ–∫ –≤–æ–π–Ω—ã               Magic                         2-–æ–π –∫—Ä—É–≥ –Ω–∞—á–∞–ª—Å—è —Å –ø–æ–±–µ–¥—ã)
–†–∞—Å—Å–≤–µ—Ç1-–î–Æ–°–® –¢–æ—Ç–µ–º  5:2              "	0.0	13.625	151632090	0	0	0
193	43	1018	45	23.674418604651162	23.0	4.777777777777778	0	0	0.0	0.0	                                          	0.0	8.6	116095342	0	0	0
194	18	268	32	14.88888888888889	14.0	2.0	0	0	0.0	0.0	                 	0.0	9.0	250810389	0	0	0
195														204976460.0			
196	483	2105	86	4.358178053830228	1.0	40.25	1	1	0.002070393374741201	0.0	"                                                                                                                                            ""–î—Ä–µ–≤–æ —Å–ø–æ–∫–æ–π—Å—Ç–≤–∏—è""

- –û, –£—á–∏—Ç–µ–ª—å, –≤ —á—ë–º –∫–æ—Ä–Ω–∏ —Å–ø–æ–∫–æ–π—Å—Ç–≤–∏—è? - —Å–ø—Ä–æ—Å–∏–ª –ø—ã—Ç–ª–∏–≤—ã–π —É—á–µ–Ω–∏–∫.

- –ö–æ—Ä–Ω–∏ –°–ø–æ–∫–æ–π—Å—Ç–≤–∏—è ‚Äî –≤ –±–µ–∑–æ–ø–∞—Å–Ω–æ—Å—Ç–∏. –ï—Å–ª–∏ —á–µ–ª–æ–≤–µ–∫—É –Ω–µ –≥—Ä–æ–∑—è—Ç —Å–º–µ—Ä—Ç—å –∏–ª–∏ –±–æ–ª–µ–∑–Ω–∏ - –æ–Ω —Å–ø–æ–∫–æ–µ–Ω, - –æ—Ç–≤–µ—á–∞–ª –ú—É–¥—Ä–µ–π—à–∏–π.

- –û, –£—á–∏—Ç–µ–ª—å, –∏–∑ —á–µ–≥–æ —Å–æ—Å—Ç–æ–∏—Ç —Å—Ç–≤–æ–ª –°–ø–æ–∫–æ–π—Å—Ç–≤–∏—è? - —Å–ø—Ä–æ—Å–∏–ª —Å–∞–º—ã–π —É–º–Ω—ã–π —É—á–µ–Ω–∏–∫.

- –°—Ç–≤–æ–ª –°–ø–æ–∫–æ–π—Å—Ç–≤–∏—è ‚Äî —ç—Ç–æ –ø—Ä–∞–≤–∏–ª—å–Ω–∞—è –∫–∞—Ä—Ç–∏–Ω–∞ –º–∏—Ä–∞, —Å–æ—Å—Ç–∞–≤–ª–µ–Ω–Ω–∞—è –∏–∑ –≤–µ—Ä–Ω—ã—Ö –ø–æ–º—ã—Å–ª–æ–≤ –∏ –ª–∏—à—ë–Ω–Ω–∞—è —Å—Ç—Ä–∞—Å—Ç–µ–π, - —Å–∫–∞–∑–∞–ª –ú—É–¥—Ä–µ–π—à–∏–π.

- –û, –£—á–∏—Ç–µ–ª—å, –∞ –∫—É–¥–∞ –ø—Ä–æ—Å—Ç–∏—Ä–∞—é—Ç—Å—è –≤–µ—Ç–≤–∏ –°–ø–æ–∫–æ–π—Å—Ç–≤–∏—è? ‚Äî —Å–ø—Ä–æ—Å–∏–ª –ª—é–±–∏–º—ã–π —É—á–µ–Ω–∏–∫.

- –í–µ—Ç–≤–∏ –°–ø–æ–∫–æ–π—Å—Ç–≤–∏—è –ø—Ä–æ—Å—Ç–∏—Ä–∞—é—Ç—Å—è –∫ –±–ª–∏–∑–∫–∏–º –ø–æ –¥—É—Ö—É –ª—é–¥—è–º, - –æ—Ç–≤–µ—Ç–∏–ª –£—á–∏—Ç–µ–ª—å, - –∏–±–æ –∂–∏–≤—É—â–∏–µ —Å–æ –°–ø–æ–∫–æ–π—Å—Ç–≤–∏–µ–º –æ–±—Ä–µ—Ç–∞—é—Ç –°–ø–æ–∫–æ–π—Å—Ç–≤–∏–µ.

(–î–∞–æ—Å—Å–∫–∞—è –ø—Ä–∏—Ç—á–∞)                                                                                                                                                                                                                                                                                                                                                  –®–µ—Ä–∏—Ñ –†–µ–π–Ω–æ—Ä    "	0.0	69.0	31809052	0	0	0
197	5	438	160	87.6	71.0	1.6666666666666667	0	0	0.0	0.0	    	0.0	1.6666666666666667	149624949	0	0	0
198	7	83	21	11.857142857142858	10.0	1.0	0	0	0.0	0.0	      	0.0	3.5	407410238	0	0	0
199	1577	8484	57	5.379835129993658	1.0	131.41666666666666	0	0	0.0	0.0	                                                                                                                                                                                        ‚õ∞ üçÇ                                                  My crew üá¨üáßüá¨üáßüá¨üáß @ University of Oxford                                                         –ú–æ–Ω–∞—Å—Ç—ã—Ä—å, –ø–æ—Å—Ç—Ä–æ–µ–Ω–Ω—ã–π –Ω–∞ –æ—Å—Ç–∞–Ω–∫–∞—Ö —Å–µ–º—å–∏ –ù–∏–∫–æ–ª–∞—è 2üá∑üá∫ @ –ì–∞–Ω–∏–Ω–∞ –Ø–º–∞, –ï–∫–∞—Ç–µ—Ä–∏–Ω–±—É—Ä–≥                                                                                                                                                                                                                                                                                                                                                                                                                                                                                                                                                                                                                                                                                                                                                                                                                                                                                                                                                                                                                                                                                                                                                                                                                                                                                                                                     	0.0	197.125	155453448	0	0	0
200														543276705.0			
201	25	1011	115	40.44	40.0	2.5	0	0	0.0	0.0	           –ê—Ä–º–∏—è 2015   –§–∏—Ä–º–µ–Ω–Ω—ã–π –º–∞–≥–∞–∑–∏–Ω         –≠—Ç–∞ –∫–∞—Ä—Ç–∏–Ω–∫–∞ —É–∂–µ —Å—Ç–∞–ª–∞ –∏—Å—Ç–æ—Ä–∏–µ–π –º–æ–µ–π —Å—Ç—Ä–∞–Ω–∏—Ü—ã –í–ö) 	0.0	3.5714285714285716	185739598	0	0	0
202	78	3137	152	40.217948717948715	33.0	7.090909090909091	0	0	0.0	0.0	                                                                 ‚ô°‚ô°‚ô°       –ö–∞–∫ –∂–µ —è —Å–∫—É—á–∞–ª–∞ –ø–æ —ç—Ç–∏–º –≤—Ä–µ–º–µ–Ω–∞–º üíò     	0.0	13.0	166028709	0	0	0
203	267	4079	108	15.277153558052435	10.0	22.25	6	2	0.02247191011235955	0.0	"   –Ω–µ –≤–µ—Ä–∏—Ç—Å—è, —á—Ç–æ —ç—Ç–æ –∫–æ–Ω–µ—Üüò≠‚ù§Ô∏è –Ω–µ –≤–µ—Ä–∏—Ç—Å—è, —á—Ç–æ —ç—Ç–æ –∫–æ–Ω–µ—Üüò≠‚ù§Ô∏è –Ω–µ –≤–µ—Ä–∏—Ç—Å—è, —á—Ç–æ —ç—Ç–æ –∫–æ–Ω–µ—Üüò≠‚ù§Ô∏è –Ω–µ –≤–µ—Ä–∏—Ç—Å—è, —á—Ç–æ —ç—Ç–æ –∫–æ–Ω–µ—Üüò≠‚ù§Ô∏è –Ω–µ –≤–µ—Ä–∏—Ç—Å—è, —á—Ç–æ —ç—Ç–æ –∫–æ–Ω–µ—Üüò≠‚ù§Ô∏è –Ω–µ –≤–µ—Ä–∏—Ç—Å—è, —á—Ç–æ —ç—Ç–æ –∫–æ–Ω–µ—Üüò≠‚ù§Ô∏è –Ω–µ –≤–µ—Ä–∏—Ç—Å—è, —á—Ç–æ —ç—Ç–æ –∫–æ–Ω–µ—Üüò≠‚ù§Ô∏è shine bright like a diamond ‚ú® shine bright like a diamond ‚ú® shine bright like a diamond ‚ú® ...–ø–æ–±–æ–ª—Ç–∞–µ–º –∏ –≤—ã–ø—å–µ–º –∫–æ—Ñ–µ?
part 2 
–ó–∞ –ª—É—á—à–∏–º –∫–æ—Ñ–µ –∏ –∞—Ç–º–æ—Å—Ñ–µ—Ä–æ–π –≤ mr.coffee_okt , –∞ –µ—â—ë –∑–¥–µ—Å—å –æ—á–µ–Ω—å –≤–∫—É—Å–Ω—ã–µ —Å—ã—Ä–Ω–∏–∫–∏üòã
–°–∫–∞—á–∏–≤–∞–π –ø—Ä–∏–ª–æ–∂–µ–Ω–∏–µ UDS Game, –≤–≤–æ–¥–∏ –ø—Ä–æ–º–æ–∫–æ–¥ xpru9484 –∏ –ø–æ–ª—É—á–∏ –ø–µ—Ä–≤—ã–µ 100 –±–∞–ª–ª–æ–≤, –∫–æ—Ç–æ—Ä—ã–º–∏ –º–æ–∂–Ω–æ –æ–ø–ª–∞—Ç–∏—Ç—å –¥–æ 100% –ø–æ–∫—É–ø–∫–∏üòé ...–ø–æ–±–æ–ª—Ç–∞–µ–º –∏ –≤—ã–ø—å–µ–º –∫–æ—Ñ–µ?
part 2 
–ó–∞ –ª—É—á—à–∏–º –∫–æ—Ñ–µ –∏ –∞—Ç–º–æ—Å—Ñ–µ—Ä–æ–π –≤ mr.coffee_okt , –∞ –µ—â—ë –∑–¥–µ—Å—å –æ—á–µ–Ω—å –≤–∫—É—Å–Ω—ã–µ —Å—ã—Ä–Ω–∏–∫–∏üòã
–°–∫–∞—á–∏–≤–∞–π –ø—Ä–∏–ª–æ–∂–µ–Ω–∏–µ UDS Game, –≤–≤–æ–¥–∏ –ø—Ä–æ–º–æ–∫–æ–¥ xpru9484 –∏ –ø–æ–ª—É—á–∏ –ø–µ—Ä–≤—ã–µ 100 –±–∞–ª–ª–æ–≤, –∫–æ—Ç–æ—Ä—ã–º–∏ –º–æ–∂–Ω–æ –æ–ø–ª–∞—Ç–∏—Ç—å –¥–æ 100% –ø–æ–∫—É–ø–∫–∏üòé ...–ø–æ–±–æ–ª—Ç–∞–µ–º –∏ –≤—ã–ø—å–µ–º –∫–æ—Ñ–µ?
part 2 
–ó–∞ –ª—É—á—à–∏–º –∫–æ—Ñ–µ –∏ –∞—Ç–º–æ—Å—Ñ–µ—Ä–æ–π –≤ mr.coffee_okt , –∞ –µ—â—ë –∑–¥–µ—Å—å –æ—á–µ–Ω—å –≤–∫—É—Å–Ω—ã–µ —Å—ã—Ä–Ω–∏–∫–∏üòã
–°–∫–∞—á–∏–≤–∞–π –ø—Ä–∏–ª–æ–∂–µ–Ω–∏–µ UDS Game, –≤–≤–æ–¥–∏ –ø—Ä–æ–º–æ–∫–æ–¥ xpru9484 –∏ –ø–æ–ª—É—á–∏ –ø–µ—Ä–≤—ã–µ 100 –±–∞–ª–ª–æ–≤, –∫–æ—Ç–æ—Ä—ã–º–∏ –º–æ–∂–Ω–æ –æ–ø–ª–∞—Ç–∏—Ç—å –¥–æ 100% –ø–æ–∫—É–ø–∫–∏üòé ...–ø–æ–±–æ–ª—Ç–∞–µ–º –∏ –≤—ã–ø—å–µ–º –∫–æ—Ñ–µ?
part 2 
–ó–∞ –ª—É—á—à–∏–º –∫–æ—Ñ–µ –∏ –∞—Ç–º–æ—Å—Ñ–µ—Ä–æ–π –≤ mr.coffee_okt , –∞ –µ—â—ë –∑–¥–µ—Å—å –æ—á–µ–Ω—å –≤–∫—É—Å–Ω—ã–µ —Å—ã—Ä–Ω–∏–∫–∏üòã
–°–∫–∞—á–∏–≤–∞–π –ø—Ä–∏–ª–æ–∂–µ–Ω–∏–µ UDS Game, –≤–≤–æ–¥–∏ –ø—Ä–æ–º–æ–∫–æ–¥ xpru9484 –∏ –ø–æ–ª—É—á–∏ –ø–µ—Ä–≤—ã–µ 100 –±–∞–ª–ª–æ–≤, –∫–æ—Ç–æ—Ä—ã–º–∏ –º–æ–∂–Ω–æ –æ–ø–ª–∞—Ç–∏—Ç—å –¥–æ 100% –ø–æ–∫—É–ø–∫–∏üòé ...–ø–æ–±–æ–ª—Ç–∞–µ–º –∏ –≤—ã–ø—å–µ–º –∫–æ—Ñ–µ?
part 2 
–ó–∞ –ª—É—á—à–∏–º –∫–æ—Ñ–µ –∏ –∞—Ç–º–æ—Å—Ñ–µ—Ä–æ–π –≤ mr.coffee_okt , –∞ –µ—â—ë –∑–¥–µ—Å—å –æ—á–µ–Ω—å –≤–∫—É—Å–Ω—ã–µ —Å—ã—Ä–Ω–∏–∫–∏üòã
–°–∫–∞—á–∏–≤–∞–π –ø—Ä–∏–ª–æ–∂–µ–Ω–∏–µ UDS Game, –≤–≤–æ–¥–∏ –ø—Ä–æ–º–æ–∫–æ–¥ xpru9484 –∏ –ø–æ–ª—É—á–∏ –ø–µ—Ä–≤—ã–µ 100 –±–∞–ª–ª–æ–≤, –∫–æ—Ç–æ—Ä—ã–º–∏ –º–æ–∂–Ω–æ –æ–ø–ª–∞—Ç–∏—Ç—å –¥–æ 100% –ø–æ–∫—É–ø–∫–∏üòé ...–ø–æ–±–æ–ª—Ç–∞–µ–º –∏ –≤—ã–ø—å–µ–º –∫–æ—Ñ–µ?
part 2 
–ó–∞ –ª—É—á—à–∏–º –∫–æ—Ñ–µ –∏ –∞—Ç–º–æ—Å—Ñ–µ—Ä–æ–π –≤ mr.coffee_okt , –∞ –µ—â—ë –∑–¥–µ—Å—å –æ—á–µ–Ω—å –≤–∫—É—Å–Ω—ã–µ —Å—ã—Ä–Ω–∏–∫–∏üòã
–°–∫–∞—á–∏–≤–∞–π –ø—Ä–∏–ª–æ–∂–µ–Ω–∏–µ UDS Game, –≤–≤–æ–¥–∏ –ø—Ä–æ–º–æ–∫–æ–¥ xpru9484 –∏ –ø–æ–ª—É—á–∏ –ø–µ—Ä–≤—ã–µ 100 –±–∞–ª–ª–æ–≤, –∫–æ—Ç–æ—Ä—ã–º–∏ –º–æ–∂–Ω–æ –æ–ø–ª–∞—Ç–∏—Ç—å –¥–æ 100% –ø–æ–∫—É–ø–∫–∏üòé  –ø—Ä–æ–≥—É–ª—è–µ–º—Å—è? –ø—Ä–æ–≥—É–ª—è–µ–º—Å—è? –ø—Ä–æ–≥—É–ª—è–µ–º—Å—è? –ø—Ä–æ–≥—É–ª—è–µ–º—Å—è? –ø—Ä–æ–≥—É–ª—è–µ–º—Å—è? –ø—Ä–æ–≥—É–ª—è–µ–º—Å—è? –ø—Ä–æ–≥—É–ª—è–µ–º—Å—è? –ß—Ç–æ —Ç—ã –∑–∞ —Ç—É—Ä–∏—Å—Ç —Ç–∞–∫–æ–π, –µ—Å–ª–∏ —É —Ç–µ–±—è –Ω–µ—Ç —Ñ–æ—Ç–∫–∏ —Ä—è–¥–æ–º —Å –ú–ì–£? sisüî• sisüî• sisüî• üíî
by: super.photograph üíî
by: super.photograph üíî
by: super.photograph bond&co. bond&co. bond&co. bond&co. n–∞tural –∞s fu—Åk n–∞tural –∞s fu—Åk  girl –∞nd th–µ city  üå± pre-–æ—Ç–ø—É—Å–∫ –ø—Ä–æ—à—ë–ª –æ—Ç–ª–∏—á–Ω–æüå§
next destination: ‚úàÔ∏èüåá make it eye contact 
ph: kamaevailmira üåøüå∏
ph: kamaevailmira 
dress: oktiabrskaiaaliona 
hair: lena_kosichka üåøüå∏
ph: kamaevailmira 
dress: oktiabrskaiaaliona 
hair: lena_kosichka taste the feelingüî•  drink coffee and shake your coconuts 
w/ my crazy [id97601310|polinaschukina] drink coffee and shake your coconuts 
w/ my crazy [id97601310|polinaschukina]  yes, sir  pretty little liars pretty little liars salty air & windy hair salty air & windy hair üå∏ –õ—é–±–ª—é –∂–∏–≤—ã–µ —Ñ–æ—Ç–æ–≥—Ä–∞—Ñ–∏–∏ –∏ –Ω–µ–Ω–∞–≤–∏–∂—É –ø–æ–∑–∏—Ä–æ–≤–∞—Ç—å-—ç—Ç–æ –≤—Å–µ, —á—Ç–æ –≤–∞–º –Ω—É–∂–Ω–æ –æ–±–æ –º–Ω–µ –∑–Ω–∞—Ç—å‚ùóÔ∏è –°–º–µ–Ω–∏–ª–∏ –ø—Ä–æ—Ñ–µ—Å—Å–∏—é –±–∞—Ä–∏—Å—Ç–∞ –Ω–∞ –º–∞—Å—Ç–µ—Ä–æ–≤ —Å–≤–∞—Ä–æ—á–Ω–æ–≥–æ —Ü–µ—Ö–∞.
–î–æ–≤–æ–ª—å–Ω—ã. –°–º–µ–Ω–∏–ª–∏ –ø—Ä–æ—Ñ–µ—Å—Å–∏—é –±–∞—Ä–∏—Å—Ç–∞ –Ω–∞ –º–∞—Å—Ç–µ—Ä–æ–≤ —Å–≤–∞—Ä–æ—á–Ω–æ–≥–æ —Ü–µ—Ö–∞.
–î–æ–≤–æ–ª—å–Ω—ã.  –ü–æ—Ö–æ–∂–∏?ü§î –†–∞–∑ –≤ –ø–æ–ª–≥–æ–¥–∞ –º–æ–∂–Ω–æ –∏ —Å–¥–µ–ª–∞—Ç—å –≤–∏–¥, —á—Ç–æ –Ω–∞–º –µ—Å—Ç—å –æ —á–µ–º –ø–æ–≥–æ–≤–æ—Ä–∏—Ç—åü§ì –ö—É–ª—å—Ç—É—Ä–Ω—ã–π –≤–µ—á–µ—Äüèõ shining (–∏ —ç—Ç–æ –Ω–µ —Ö–∞–π–ª–∞–π—Ç–µ—Ä.) –ù–∏–∫–æ–≥–¥–∞ –Ω–µ –¥—É–º–∞–ª–∞, —á—Ç–æ –∑–∞ –æ–¥–∏–Ω –≥–æ–¥ –≤—Å–µ –º–æ–∂–µ—Ç —Ç–∞–∫ —Å–∏–ª—å–Ω–æ –∏–∑–º–µ–Ω–∏—Ç—å—Å—è. 
–Ø –Ω–µ —É–∑–Ω–∞—é —Å–∞–º–∞ —Å–µ–±—è, —è –Ω–µ —É–∑–Ω–∞—é –≤—Å–µ –ø—Ä–æ–∏—Å—Ö–æ–¥—è—â–µ–µ –≤–æ–∫—Ä—É–≥ –º–µ–Ω—è. –ì–¥–µ —Ç–∞ –î–∞–Ω–∞, –∫–æ—Ç–æ—Ä–∞—è –∂–∏–≤–µ—Ç –ø–æ –ø—Ä–∞–≤–∏–ª–∞–º –∏ –±–æ–∏—Ç—Å—è –ø—Ä–∏—Å–µ—Å—Ç—å –Ω–∞ –∫–æ–ª–æ–¥–µ—Ü –Ω–∞ –ø—Ä–æ—Å–ø–µ–∫—Ç–µ? –Ø –Ω–∞–∫–æ–Ω–µ—Ü-—Ç–æ —Å—Ç–∞–ª–∞ —Å–æ–±–æ–π. –¢–µ–ø–µ—Ä—å —è –Ω–µ –±–æ—é—Å—å —Å–æ–≤–µ—Ä—à–∞—Ç—å –æ—à–∏–±–∫–∏, –ø–æ–∫–∞–∑—ã–≤–∞—Ç—å —Å–µ–±—è –Ω–∞—Å—Ç–æ—è—â—É—é, –¥–µ–ª–∞—Ç—å —Ç–æ, —á—Ç–æ —Ö–æ—á—É, –∞ –Ω–µ —Ç–æ, —á—Ç–æ ¬´–ø—Ä–∞–≤–∏–ª—å–Ω–æ¬ª. –ñ–∏—Ç—å –º–æ–º–µ–Ω—Ç–æ–º, –¥–∞?)) –Ø –Ω–∞—É—á–∏–ª–∞—Å—å –∏ –ø–æ–Ω—è–ª–∞, –≤ —á–µ–º –∫–∞–π—Ñ –æ—Ç —ç—Ç–æ–≥–æ. –ü—Ä–∞–≤–∏–ª –Ω–µ—Ç.  –ú—ã —É—Å—Ç–∞–Ω–∞–≤–ª–∏–≤–∞–µ–º –∏—Ö —Å–∞–º–∏. –í—Å–µ —ç—Ç–æ —è —Å–ª—ã—à–∞–ª–∞ –º–∏–ª–ª–∏–æ–Ω —Ä–∞–∑, –Ω–æ –∏–º–µ–Ω–Ω–æ –≤ —ç—Ç–æ–º –≥–æ–¥—É –ø—Ä–æ–Ω–∏–∫–ª–∞—Å—å —Å–º—ã—Å–ª–æ–º –∏ –ø–æ–Ω—è–ª–∞. 
–ï—â—ë –Ω–∏–∫–æ–≥–¥–∞ —è –Ω–µ —á—É–≤—Å—Ç–≤–æ–≤–∞–ª–∞ —Å–µ–±—è —Ç–∞–∫–æ–π —Å—á–∞—Å—Ç–ª–∏–≤–æ–π, –∫–∞–∫ –≤ —ç—Ç–æ–º –≥–æ–¥—É. –ï—â—ë –Ω–∏–∫–æ–≥–¥–∞ —è –Ω–µ –¥–µ–ª–∞–ª–∞ —Ç–æ–≥–æ, —á—Ç–æ –¥–µ–ª–∞–ª–∞ –≤ —ç—Ç–æ–º –≥–æ–¥—É. –ï—â—ë –Ω–∏–∫–æ–≥–¥–∞ —è –Ω–µ –±—ã–ª–∞ —Ç–∞–∫ –±–ª–∞–≥–æ–¥–∞—Ä–Ω–∞ –∑–∞ –≤—Å–µ, —á—Ç–æ —Å–æ –º–Ω–æ–π –ø—Ä–æ–∏—Å—Ö–æ–¥–∏—Ç. 
–Ø –±–ª–∞–≥–æ–¥–∞—Ä–Ω–∞ –∫–∞–∂–¥–æ–º—É, –∫—Ç–æ –±—ã–ª —Å–æ –º–Ω–æ–π –≤ 2017, –∫–∞–∂–¥–æ–π –≤—Å—Ç—Ä–µ—á–µ –∏ –∫–∞–∂–¥–æ–º—É –Ω–æ–≤–æ–º—É –∑–Ω–∞–∫–æ–º—Å—Ç–≤—É. –í—ã –≤—Å–µ –ø–æ–≤–ª–∏—è–ª–∏ –Ω–∞ –º–µ–Ω—è –∏ –ø–µ—Ä–µ–≤–µ—Ä–Ω—É–ª–∏ –º–æ—é –∂–∏–∑–Ω—å —Å –Ω–æ–≥ –Ω–∞ –≥–æ–ª–æ–≤—É. –í—ã –ø–æ–º–æ–≥–ª–∏ –º–Ω–µ —Ä–∞—Å–∫—Ä—ã—Ç—å—Å—è –∏ –Ω–∞–π—Ç–∏ —Å–µ–±—è. –°–ø–∞—Å–∏–±–æ, —á—Ç–æ –±—ã–ª–∏ —Ä—è–¥–æ–º –∏ –≤–µ—Ä–∏–ª–∏ –≤ –º–µ–Ω—è. –ú—ã –ø—Ä–æ—à–ª–∏ —á–µ—Ä–µ–∑ –º–Ω–æ–≥–æ–µ –∏ –Ω–∞–º –ø—Ä–µ–¥—Å—Ç–æ–∏—Ç –ø—Ä–æ–π—Ç–∏ –µ—â—ë –≤ —Ä–∞–∑—ã –±–æ–ª—å—à–µ, –Ω–æ —Ç–µ–ø–µ—Ä—å —è –∑–Ω–∞—é, —á–µ–≥–æ —Ö–æ—á—É –∏ –∑–Ω–∞—é, –∫–∞–∫ —ç—Ç–æ–≥–æ –¥–æ—Å—Ç–∏—á—å. 
–í—Å–µ –±—É–¥–µ—Ç –∫–∞–∫? –•–û –†–û –®–û!!!
P.S. –æ—Ç–º–µ—á–∞—Ç—å –Ω–∏–∫–æ–≥–æ –Ω–µ –±—É–¥—É, –¥—É–º–∞—é, –≤—Å–µ –∏ —Ç–∞–∫ –≤—Å–µ –ø–æ–Ω—è–ª–∏:) –ö–æ–≥–¥–∞ —Ç—ã —Ä–∞—Å—Å–∫–∞–∑—ã–≤–∞–µ—à—å lenochka6_  –æ—á–µ—Ä–µ–¥–Ω–æ–π —Ç—Ä–µ—à, –∞ –æ–Ω–∞ —Ç–µ–±—è —Ñ–æ—Ç–∫–∞–µ—Çü§î –≠—Ç—É –≤—Å—Ç—Ä–µ—á—É –º–æ–∂–Ω–æ –Ω–∞–∑–≤–∞—Ç—å —Å—É–¥—å–±–æ–Ω–æ—Å–Ω–æ–π.  2012 –≥–æ–¥. –ú–æ—è –ø–µ—Ä–≤–∞—è —Ç—Ä–µ–Ω–∏—Ä–æ–≤–∫–∞. –†–∞–∑–º–∏–Ω–∫–∞. –°–ª–æ–≤–∞ —Ç—Ä–µ–Ω–µ—Ä–∞: ¬´–í–æ–Ω –≤–∏–¥–∏—à—å –Æ–ª—è —É–ø—Ä–∞–∂–Ω–µ–Ω–∏–µ –¥–µ–ª–∞–µ—Ç, –ø–æ–¥–æ–π–¥–∏ –∫ –Ω–µ–π, –æ–Ω–∞ —Ç–µ–±–µ –æ–±—ä—è—Å–Ω–∏—Ç¬ª. –ü–æ–¥—Ö–æ–∂—É. –ó–¥–æ—Ä–æ–≤–∞—é—Å—å. –ò —Ç—É—Ç –º–µ–Ω—è –ø—Ä–æ—Å—Ç–æ –∫–∞–∫ —Ç–æ–∫–æ–º —É–¥–∞—Ä–∏–ª–æ ¬´–ú–Ω–µ –∫–∞–∂–µ—Ç—Å—è –∏–ª–∏ –º—ã –∑–Ω–∞–∫–æ–º—ã? –¢–∞–∫–æ–µ —á—É–≤—Å—Ç–≤–æ, —á—Ç–æ —è —Ç–µ–±—è –∑–Ω–∞—é —É–∂–µ –æ—á–µ–Ω—å –¥–∞–≤–Ω–æ..¬ª –ï—â—ë –¥–æ–ª–≥–æ–µ –≤—Ä–µ–º—è –ø–æ—Å–ª–µ —ç—Ç–æ–≥–æ —è –ø—ã—Ç–∞–ª–∞—Å—å –≤—Å–ø–æ–º–Ω–∏—Ç—å, –≥–¥–µ –±—ã –º–æ–≥–ª–∏ –ø–µ—Ä–µ—Å–µ–∫–∞—Ç—å—Å—è, –Ω–æ —Å–æ –≤—Ä–µ–º–µ–Ω–µ–º –ø—Ä–∏—à–ª–∞ –∫ –≤—ã–≤–æ–¥—É, —á—Ç–æ, –≤–∏–¥–∏–º–æ, –≤ –ø—Ä–æ—à–ª–æ–π –∂–∏–∑–Ω–∏..‚ùì –¢–∞–∫–æ–µ –æ—â—É—â–µ–Ω–∏–µ –ø–æ—è–≤–ª—è–µ—Ç—Å—è —Ç–æ–ª—å–∫–æ —Ç–æ–≥–¥–∞, –∫–æ–≥–¥–∞ —ç—Ç–æ —Ç–≤–æ–π —á–µ–ª–æ–≤–µ–∫. –£–∂–µ –Ω–∞ —Ç–æ—Ç –º–æ–º–µ–Ω—Ç —è –∑–Ω–∞–ª–∞, –º—ã –≤–º–µ—Å—Ç–µ –æ—á–µ–Ω—å –Ω–∞–¥–æ–ª–≥–æ.  –ù–µ—Å–∫–æ–ª—å–∫–∏–º–∏ –Ω–µ–¥–µ–ª—è–º–∏ –ø–æ–∑–∂–µ. –ö—Ä–æ—Å—Å. –Ø –±–µ–≥–∞—é —Å–æ —Å–≤–æ–∏–º –¥—Ä—É–≥–æ–º, –µ–¥–∏–Ω—Å—Ç–≤–µ–Ω–Ω—ã–º —á–µ–ª–æ–≤–µ–∫–æ–º, –∫–æ—Ç–æ—Ä–æ–≥–æ —è –∑–Ω–∞–ª–∞, –∫–æ–≥–¥–∞ —Ç–æ–ª—å–∫–æ –ø—Ä–∏—à–ª–∞ –≤ –∞–∫—Ä–æ–±–∞—Ç–∏–∫—É. –ë–µ–≥–∞—Ç—å-–ª–µ–Ω—å. –ò–¥—ë–º –ø–µ—à–∫–æ–º. –°–∑–∞–¥–∏ –ø–æ–¥–±–µ–≥–∞–µ—Ç –∫—É–¥—Ä—è–≤–∞—è –¥–µ–≤–æ—á–∫–∞ —Å –ø–æ–¥—Ä—É–∂–∫–æ–π. ¬´–í—ã –ø–æ—á–µ–º—É —ç—Ç–æ –Ω–µ –±–µ–∂–∏—Ç–µ, —è –≤—Å–µ –û–ú —Ä–∞—Å—Å–∫–∞–∂—É¬ª. –û–Ω–∞ –º–Ω–µ —Å—Ä–∞–∑—É –Ω–µ –ø–æ–Ω—Ä–∞–≤–∏–ª–∞—Å—å. –í—Å–µ —Å–≤–µ–ª–æ—Å—å –∫ —Ç–æ–º—É, —á—Ç–æ –º—ã –¥—Ä—É–≥ –¥—Ä—É–≥–∞ –±—É–∫–≤–∞–ª—å–Ω–æ –Ω–µ–Ω–∞–≤–∏–¥–µ–ª–∏, –±–µ—Å–∫–æ–Ω–µ—á–Ω–æ —Å—Å–æ—Ä–∏–ª–∏—Å—å –∏ —Ä—É–≥–∞–ª–∏—Å—å, –≤—Ä–µ–º–µ–Ω–∞–º–∏ –¥–µ–ª–æ –¥–æ—Ö–æ–¥–∏–ª–æ –¥–∞–∂–µ –¥–æ —Å–ª–µ–∑. ¬´–≠—Ç–æ —Å–∞–º—ã–π —É–∂–∞—Å–Ω—ã–π —á–µ–ª–æ–≤–µ–∫ –≤ –º–æ–µ–π –∂–∏–∑–Ω–∏. –Ø –Ω–∏–∫–æ–≥–¥–∞ –Ω–µ –±—É–¥—É –¥—Ä—É–∂–∏—Ç—å —Å –Ω–µ–π¬ª. –ù–∏–∫–æ–≥–¥–∞ –Ω–µ –≥–æ–≤–æ—Ä–∏ ¬´–Ω–∏–∫–æ–≥–¥–∞¬ª. ¬´–≠—Ç–æ —Å–∞–º—ã–π –ª—É—á—à–∏–π —á–µ–ª–æ–≤–µ–∫ –≤ –º–æ–µ–π –∂–∏–∑–Ω–∏¬ª,- –≥–æ–≤–æ—Ä—é —è —Å–µ–π—á–∞—Å.  –õ–∏—à—å –º–∞–ª–µ–Ω—å–∫–æ–µ –Ω–µ–¥–æ—Ä–∞–∑—É–º–µ–Ω–∏–µ —Å–≤–µ–ª–æ –Ω–∞—Å –≤–º–µ—Å—Ç–µ —Ä–∞–∑ –∏ –Ω–∞–≤—Å–µ–≥–¥–∞. –í—Å–µ —Å–æ–±—ã—Ç–∏—è, –∫–æ—Ç–æ—Ä—ã–µ –ø—Ä–æ–∏—Å—Ö–æ–¥–∏–ª–∏ –≤ –º–æ–µ–π –∂–∏–∑–Ω–∏, –≤—Å–µ —ç—Ç–æ –±—ã–ª–æ –Ω–µ –∑—Ä—è, –≤–µ–¥—å, –≤–æ–∑–º–æ–∂–Ω–æ, –µ—Å–ª–∏ –±—ã –Ω–µ —ç—Ç–∏ –∏—Å–ø—ã—Ç–∞–Ω–∏—è –≤—Ä–µ–º–µ–Ω–µ–º, –º—ã –±—ã –Ω–µ –±—ã–ª–∏ –≤–º–µ—Å—Ç–µ.  –í—Å–µ, —á—Ç–æ –Ω–∏ –¥–µ–ª–∞–µ—Ç—Å—è, –≤—Å–µ-–∫ –ª—É—á—à–µ–º—É. –ò —ç—Ç–æ –ª—É—á—à–µ–µ-–≤—ã, –º–æ–∏ –ù–ê–°–¢–û–Ø–©–ò–ï –¥—Ä—É–∑—å—è.  gn_yu_00  lenochka6_ –≠—Ç—É –≤—Å—Ç—Ä–µ—á—É –º–æ–∂–Ω–æ –Ω–∞–∑–≤–∞—Ç—å —Å—É–¥—å–±–æ–Ω–æ—Å–Ω–æ–π. 
2012 –≥–æ–¥. –ú–æ—è –ø–µ—Ä–≤–∞—è —Ç—Ä–µ–Ω–∏—Ä–æ–≤–∫–∞. –†–∞–∑–º–∏–Ω–∫–∞. –°–ª–æ–≤–∞ —Ç—Ä–µ–Ω–µ—Ä–∞: ¬´–í–æ–Ω –≤–∏–¥–∏—à—å –Æ–ª—è —É–ø—Ä–∞–∂–Ω–µ–Ω–∏–µ –¥–µ–ª–∞–µ—Ç, –ø–æ–¥–æ–π–¥–∏ –∫ –Ω–µ–π, –æ–Ω–∞ —Ç–µ–±–µ –æ–±—ä—è—Å–Ω–∏—Ç¬ª. –ü–æ–¥—Ö–æ–∂—É. –ó–¥–æ—Ä–æ–≤–∞—é—Å—å. –ò —Ç—É—Ç –º–µ–Ω—è –ø—Ä–æ—Å—Ç–æ –∫–∞–∫ —Ç–æ–∫–æ–º —É–¥–∞—Ä–∏–ª–æ ¬´–ú–Ω–µ –∫–∞–∂–µ—Ç—Å—è –∏–ª–∏ –º—ã –∑–Ω–∞–∫–æ–º—ã? –¢–∞–∫–æ–µ —á—É–≤—Å—Ç–≤–æ, —á—Ç–æ —è —Ç–µ–±—è –∑–Ω–∞—é —É–∂–µ –æ—á–µ–Ω—å –¥–∞–≤–Ω–æ..¬ª –ï—â—ë –¥–æ–ª–≥–æ–µ –≤—Ä–µ–º—è –ø–æ—Å–ª–µ —ç—Ç–æ–≥–æ —è –ø—ã—Ç–∞–ª–∞—Å—å –≤—Å–ø–æ–º–Ω–∏—Ç—å, –≥–¥–µ –±—ã –º–æ–≥–ª–∏ –ø–µ—Ä–µ—Å–µ–∫–∞—Ç—å—Å—è, –Ω–æ —Å–æ –≤—Ä–µ–º–µ–Ω–µ–º –ø—Ä–∏—à–ª–∞ –∫ –≤—ã–≤–æ–¥—É, —á—Ç–æ, –≤–∏–¥–∏–º–æ, –≤ –ø—Ä–æ—à–ª–æ–π –∂–∏–∑–Ω–∏..‚ùì –¢–∞–∫–æ–µ –æ—â—É—â–µ–Ω–∏–µ –ø–æ—è–≤–ª—è–µ—Ç—Å—è —Ç–æ–ª—å–∫–æ —Ç–æ–≥–¥–∞, –∫–æ–≥–¥–∞ —ç—Ç–æ —Ç–≤–æ–π —á–µ–ª–æ–≤–µ–∫. –£–∂–µ –Ω–∞ —Ç–æ—Ç –º–æ–º–µ–Ω—Ç —è –∑–Ω–∞–ª–∞, –º—ã –≤–º–µ—Å—Ç–µ –æ—á–µ–Ω—å –Ω–∞–¥–æ–ª–≥–æ. 
–ù–µ—Å–∫–æ–ª—å–∫–∏–º–∏ –Ω–µ–¥–µ–ª—è–º–∏ –ø–æ–∑–∂–µ. –ö—Ä–æ—Å—Å. –Ø –±–µ–≥–∞—é —Å–æ —Å–≤–æ–∏–º –¥—Ä—É–≥–æ–º, –µ–¥–∏–Ω—Å—Ç–≤–µ–Ω–Ω—ã–º —á–µ–ª–æ–≤–µ–∫–æ–º, –∫–æ—Ç–æ—Ä–æ–≥–æ —è –∑–Ω–∞–ª–∞, –∫–æ–≥–¥–∞ —Ç–æ–ª—å–∫–æ –ø—Ä–∏—à–ª–∞ –≤ –∞–∫—Ä–æ–±–∞—Ç–∏–∫—É. –ë–µ–≥–∞—Ç—å-–ª–µ–Ω—å. –ò–¥—ë–º –ø–µ—à–∫–æ–º. –°–∑–∞–¥–∏ –ø–æ–¥–±–µ–≥–∞–µ—Ç –∫—É–¥—Ä—è–≤–∞—è –¥–µ–≤–æ—á–∫–∞ —Å –ø–æ–¥—Ä—É–∂–∫–æ–π. ¬´–í—ã –ø–æ—á–µ–º—É —ç—Ç–æ –Ω–µ –±–µ–∂–∏—Ç–µ, —è –≤—Å–µ –û–ú —Ä–∞—Å—Å–∫–∞–∂—É¬ª. –û–Ω–∞ –º–Ω–µ —Å—Ä–∞–∑—É –Ω–µ –ø–æ–Ω—Ä–∞–≤–∏–ª–∞—Å—å. –í—Å–µ —Å–≤–µ–ª–æ—Å—å –∫ —Ç–æ–º—É, —á—Ç–æ –º—ã –¥—Ä—É–≥ –¥—Ä—É–≥–∞ –±—É–∫–≤–∞–ª—å–Ω–æ –Ω–µ–Ω–∞–≤–∏–¥–µ–ª–∏, –±–µ—Å–∫–æ–Ω–µ—á–Ω–æ —Å—Å–æ—Ä–∏–ª–∏—Å—å –∏ —Ä—É–≥–∞–ª–∏—Å—å, –≤—Ä–µ–º–µ–Ω–∞–º–∏ –¥–µ–ª–æ –¥–æ—Ö–æ–¥–∏–ª–æ –¥–∞–∂–µ –¥–æ —Å–ª–µ–∑. ¬´–≠—Ç–æ —Å–∞–º—ã–π —É–∂–∞—Å–Ω—ã–π —á–µ–ª–æ–≤–µ–∫ –≤ –º–æ–µ–π –∂–∏–∑–Ω–∏. –Ø –Ω–∏–∫–æ–≥–¥–∞ –Ω–µ –±—É–¥—É –¥—Ä—É–∂–∏—Ç—å —Å –Ω–µ–π¬ª. –ù–∏–∫–æ–≥–¥–∞ –Ω–µ –≥–æ–≤–æ—Ä–∏ ¬´–Ω–∏–∫–æ–≥–¥–∞¬ª. ¬´–≠—Ç–æ —Å–∞–º—ã–π –ª—É—á—à–∏–π —á–µ–ª–æ–≤–µ–∫ –≤ –º–æ–µ–π –∂–∏–∑–Ω–∏¬ª,- –≥–æ–≤–æ—Ä—é —è —Å–µ–π—á–∞—Å. 
–õ–∏—à—å –º–∞–ª–µ–Ω—å–∫–æ–µ –Ω–µ–¥–æ—Ä–∞–∑—É–º–µ–Ω–∏–µ —Å–≤–µ–ª–æ –Ω–∞—Å –≤–º–µ—Å—Ç–µ —Ä–∞–∑ –∏ –Ω–∞–≤—Å–µ–≥–¥–∞. –í—Å–µ —Å–æ–±—ã—Ç–∏—è, –∫–æ—Ç–æ—Ä—ã–µ –ø—Ä–æ–∏—Å—Ö–æ–¥–∏–ª–∏ –≤ –º–æ–µ–π –∂–∏–∑–Ω–∏, –≤—Å–µ —ç—Ç–æ –±—ã–ª–æ –Ω–µ –∑—Ä—è, –≤–µ–¥—å, –≤–æ–∑–º–æ–∂–Ω–æ, –µ—Å–ª–∏ –±—ã –Ω–µ —ç—Ç–∏ –∏—Å–ø—ã—Ç–∞–Ω–∏—è –≤—Ä–µ–º–µ–Ω–µ–º, –º—ã –±—ã –Ω–µ –±—ã–ª–∏ –≤–º–µ—Å—Ç–µ. 
–í—Å–µ, —á—Ç–æ –Ω–∏ –¥–µ–ª–∞–µ—Ç—Å—è, –≤—Å–µ-–∫ –ª—É—á—à–µ–º—É. –ò —ç—Ç–æ –ª—É—á—à–µ–µ-–≤—ã, –º–æ–∏ –ù–ê–°–¢–û–Ø–©–ò–ï –¥—Ä—É–∑—å—è. 
gn_yu_00 
lenochka6_ –ì—Ä–µ—é—â–∏–π –¥—É—à—É –∏ —Å–µ—Ä–¥—Ü–µ —á–∞–π –∏ —Ä–∞–∑–≥–æ–≤–æ—Ä —Å alichka_773 - —ç—Ç–æ –ª–∏ –Ω–µ —Å—á–∞—Å—Ç—å–µ?)  a little party never killed nobody a little party never killed nobody a little party never killed nobody a little party never killed nobody a little party never killed nobody  –í–æ—Ç —Ç–∞–∫ –ø—Ä–æ–≤–æ–¥—è—Ç —Å–≤–æ–∏ –∫–∞–Ω–∏–∫—É–ª—ã —É—á–µ–Ω–∏–∫–∏ 2 –≥–∏–º–Ω–∞–∑–∏–∏:
–∫–æ—Ñ–µ –∏ –ø—Ä–µ–∫—Ä–∞—Å–Ω–∞—è –∫–æ–º–ø–∞–Ω–∏—è —Ñ—Ä–∞–Ω—Ü—É–∑—Å–∫–∏—Ö –ø–∏—Å–∞—Ç–µ–ª–µ–πüá´üá∑
–ù–æ, –Ω–∞ —É–¥–∏–≤–ª–µ–Ω–∏–µ, –º–æ—è —Å–æ–±—Å—Ç–≤–µ–Ω–Ω–∞—è –∂–∏–∑–Ω—å –±—É–¥–µ—Ç –Ω–∏—á—É—Ç—å –Ω–µ –∏–Ω—Ç–µ—Ä–µ—Å–Ω–µ–π ¬´–ñ–∏–∑–Ω–∏¬ª –ú–æ–ø–∞—Å—Å–∞–Ω–∞‚ùì
#–∞–º—ã–¥–∞–Ω–∞—Å–ø–æ–ª–∏–Ω–æ–π 
#–æ–±—Ä–∞–∑—Ü–æ–≤—ã–µ—É—á–µ–Ω–∏—Ü—ã
#–±–µ–¥–≥–µ—Ä–ª–∑ –ö–∞–∫ –≤ —Å—Ç–∞—Ä—ã–µ –¥–æ–±—Ä—ã–µ –≤—Ä–µ–º–µ–Ω–∞ —Å polina.schukina, –Ω–æ –≤—Å–µ —É–∂–µ –ø–æ-–¥—Ä—É–≥–æ–º—É, –¥–∞?)) #–æ–ø—è—Ç—å–∑–∞—Å—Ç–∞—Ä–æ–µ #–æ–Ω–∏—á–µ–æ–±—â–∞—é—Ç—Å—è–µ—â–µ
#–≤–æ–∑–æ–±–Ω–æ–≤–ª—è–µ–º–æ—Ç–Ω–æ—à–µ–Ω–∏—è
P.S. –ù–∞–π–¥–∏—Ç–µ 1 –æ—Ç–ª–∏—á–∏–µ –ö–∞–∫ –≤ —Å—Ç–∞—Ä—ã–µ –¥–æ–±—Ä—ã–µ –≤—Ä–µ–º–µ–Ω–∞ —Å polina.schukina, –Ω–æ –≤—Å–µ —É–∂–µ –ø–æ-–¥—Ä—É–≥–æ–º—É, –¥–∞?)) #–æ–ø—è—Ç—å–∑–∞—Å—Ç–∞—Ä–æ–µ #–æ–Ω–∏—á–µ–æ–±—â–∞—é—Ç—Å—è–µ—â–µ
#–≤–æ–∑–æ–±–Ω–æ–≤–ª—è–µ–º–æ—Ç–Ω–æ—à–µ–Ω–∏—è
P.S. –ù–∞–π–¥–∏—Ç–µ 1 –æ—Ç–ª–∏—á–∏–µ  babes –≠—Ç–æ –ª—é–±–æ–≤—å..üíï –ú—ã —Å –ë–æ–Ω–¥–æ–º –≤—Ä–µ–º—è –∑—Ä—è –Ω–µ —Ç–µ—Ä—è–µ–º, –∏ –¥–∞–∂–µ –≤ –æ—Ç–ø—É—Å–∫–µ –∫—Ä—É—Ç–∏–º –ø–µ–¥–∞–ª–∏üö≤ reunited      We've got it!!!
#–≤—ã–ø—É—Å–∫–Ω–æ–π2–≥–∏–º–Ω–∞–∑–∏—è2017  –ó–∞ —Å–µ–∫—É–Ω–¥—É –¥–æ..
#–Ω–µ—Å–ª—É—á–∞–π–Ω–æ–µ—Ñ–æ—Ç–æ –° —Å–µ—Å—Ç—Ä–æ–π –≤ —à–∫–æ–ª—É –∫–∞–∫ –Ω–∞ –ø—Ä–∞–∑–¥–Ω–∏–∫üôÉ #—Å–µ—Å—Ç—Ä–∞—Å–ø–∞—Å–∏ #–∑–∞—á—Ç–æ #–ø–æ—á–µ–º—É–º–Ω–µ–Ω–µ27 –ü–æ—Å–ª–µ–¥–Ω–∏–µ –¥–µ–Ω—å–∫–∏ –ª–µ—Ç–∞ —Å –º–∏—Å—Ç–µ—Ä–æ–º üí©  summer is coming   –ü–æ–∫–æ—Ä—è—é –≤—Å–µ –Ω–æ–≤—ã–µ –∏ –Ω–æ–≤—ã–µ –≤–µ—Ä—à–∏–Ω—ãüåÑ                                        Original: http://instagram.com/p/ZhLn2ljZtD/    Original: http://www.ljplus.ru/img4/g/e/geofoto/Dve-dorogi-2p.jpg Original: http://www.garantetour.ru/assets/images/photo/oae1.jpg          –í –∞—ç—Ä–æ–ø–æ—Ä—Ç—É   –°—É–ø–µ—Ä-–º–æ–¥–Ω—ã–π –∑–æ–Ω—Ç–∏–∫. –ê—Ö–∞—Ö–∞   –ú–∏–ª–∞—à (4) –ú–∏–ª–∞—à (3) –ú–∏–ª–∞—à (2) –ú–∏–ª–∞—à (1) –ù–∞ –ø–∞—Ä–æ–º–µ)                                                                   adidas –∞–¥–∏–¥–∞—Å 1989 –≥–æ–¥–∞!                              "	0.0	29.666666666666668	122226027	0	3	0
204	77	8727	303	113.33766233766234	101.0	6.416666666666667	0	0	0.0	0.0	                     –ú–æ—è –ª—é–±–æ–≤—åüíò                               –ø—Ä–æ–µ–∫—Ç –∏–∫—Å                        	0.0	11.0	38932062	0	0	0
205	1	211	211	211.0	211.0	1.0	0	0	0.0	0.0		0.0	1.0	129838622	0	0	0
206														133222727.0			
207	10	670	78	67.0	70.5	1.4285714285714286	0	0	0.0	0.0	         	0.0	3.3333333333333335	133812558	0	0	0
208	22	208	41	9.454545454545455	7.5	2.2	0	0	0.0	0.0	                     	0.0	4.4	185306269	0	0	0
209	1	55	55	55.0	55.0	1.0	0	0	0.0	0.0		0.0	1.0	383794919	0	0	0
210	4	110	35	27.5	29.5	1.3333333333333333	0	0	0.0	0.0	   	0.0	1.0	139283208	0	0	0
211	244	5046	148	20.68032786885246	13.0	20.333333333333332	1	1	0.004098360655737705	0.0	                                                                                                                                                                                                                              –ª–µ—á—É   –ø–æ–µ—Ö–∞–ª–∏–∏       –Ω–∞ –Ω–∞—Ö –Ω–∞ –Ω–∞—Ö   –∞—Ö–º—ç–¥ —á–µ–±—É—Ä–∞—Ç–æ—Ä      	0.0	27.11111111111111	140850883	0	0	0
212	50	3055	276	61.1	55.0	4.166666666666667	7	2	0.14	0.0	                                          –º–æ—è –ø–µ—Ä–≤–∞—è —É—á–∏—Ç–µ–ª—å–Ω–∏—Ü–∞- –û–ª—å–≥–∞ –ê–Ω–∞—Ç–æ–ª—å–µ–≤–Ω–∞ –º–æ–∏ –æ–¥–Ω–æ–∫–ª–∞—Å—Å–Ω–∏–∫–∏ –°–æ–Ω—è, —è –∏ –†–∏—Ç–∞  —ç—Ç–æ –º–æ—è –º–∞–º–∞, —è –∏ –º–æ–π –¥—Ä—É–≥ –ú–∞—Ç–≤–µ–π –º–æ–π –±—Ä–∞—Ç  –º–æ–π –±—Ä–∞—Ç –Ω–∞ –£—Ä–∞–ª–µ	0.0	5.555555555555555	44307669	0	0	0
213	3	346	181	115.33333333333333	92.0	1.0	0	0	0.0	0.0	  –° –ù–æ–≤—ã–º –≥–æ–¥–æ–ºüéÖüéÅüéÑ!	0.0	1.0	257942751	0	0	0
214	27	637	84	23.59259259259259	19.0	2.7	0	0	0.0	0.0	                          	0.0	5.4	298450132	0	0	0
215	13	131	32	10.076923076923077	8.0	3.25	0	0	0.0	0.0	            	0.0	6.5	135789604	0	0	0
216	20	768	70	38.4	37.5	2.2222222222222223	0	0	0.0	0.0	                   	0.0	6.666666666666667	451785554	0	0	0
217	1822	10582	228	5.807903402854007	0.0	151.83333333333334	3	1	0.001646542261251372	0.0	                                                                                                                                                                                                                                                                                                                                                                                                                                                                                                                                                                                                                                                                                                                                                                                                                                                                                                                                                                                                                                                                                                                                                                                                                                                                                                                                                                                                                                                                                                       –≤–æ—Ç —Ç–∞–∫ —è –≤—ã–≥–ª—è–∂—É –Ω–∞ —Ç—Ä–µ–Ω–µ)                                                                                                             9 –æ—Ç—Ä—è–¥!!!!!!!            –ù–∞–¥—é—à–∞=)))))))))                                                                                                                                                                                                                                        –ê–Ω—è, –º–æ–π –ø–µ—Ä–≤—ã–π –∏–Ω—Å—Ç—Ä—É–∫—Ç–æ—Ä!                     	0.0	182.2	22326864	0	0	0
218	3	61	24	20.333333333333332	24.0	1.5	0	0	0.0	0.0	  	0.0	3.0	433401047	0	0	0
219	14	1307	192	93.35714285714286	85.5	2.0	0	0	0.0	0.0	             	0.0	4.666666666666667	28862742	0	0	0
220	16	232	32	14.5	13.5	2.0	1	1	0.0625	0.0	               	0.0	8.0	520967997	0	0	0
221	2	67	34	33.5	33.5	1.0	0	0	0.0	0.0	 	0.0	2.0	141058265	0	0	0
222	40	4729	211	118.225	114.5	3.3333333333333335	0	0	0.0	0.0	                                     ~ –•–µ—Ä—Å–æ–Ω–µ—Å. –ö—Ä—ã–º. –ú–∞—Ä—Ç 2016 	0.0	10.0	141504374	0	0	0
223	65	2933	115	45.12307692307692	46.0	5.416666666666667	0	0	0.0	0.0	                                üçÅ‚òπÔ∏è  üíô –° –•–µ–Ω–Ω–∏–º–æ–º üíô Mission complete ‚úîÔ∏èüîù –í–°–ï–• –õ–Æ–ë–õ–Æüíïüíñ üíú I'm gon' ball ‚Äòtil the day I fall.üñ§‚ûø üíï –°–ª–∏—à–∫–æ–º —Ç–æ–øüî•üíÅüèæ     üê±  –ú–∞–º–æ—á–∫–∞üíï  üíï –ü–æ—Å–ª–µ–¥–Ω–∏–π –¥–µ–Ω—å –≤ –ê—Ä—Ç–µ–∫–µüò¢ –û–ø–∞—Å–Ω—ã–π —Ç—É—Ä–æ—Ç—Ä—è–¥üòéüîù #–∞—Ä—Ç–µ–∫ üòç üíú Nyan:3   –°—Ç–∞—Ä–µ—é üòå —Å –¥—Ä –º–µ–Ω—è –∫—Ä—á :3    üî•  	0.0	13.0	90260180	0	0	0
224	26	1013	127	38.96153846153846	28.5	2.6	0	0	0.0	0.0	"again and again   –∫ —á—ë—Ä—Ç—É –Ω–æ—Ç–∞—Ä–∏—É—Å–æ–≤ 

–í –£–∫—Ä–∞–∏–Ω–µ –≤–ø–µ—Ä–≤—ã–µ –≤ –º–∏—Ä–µ –ø—Ä–æ–≤–µ–¥–µ–Ω–∞ —ç–ª–µ–∫—Ç—Ä–æ–Ω–Ω–∞—è —Ç—Ä–∞–Ω—Å–∞—Ç–ª–∞–Ω—Ç–∏—á–µ—Å–∫–∞—è —Å–¥–µ–ª–∫–∞ –ø–æ –ø—Ä–æ–¥–∞–∂–µ –Ω–µ–¥–≤–∏–∂–∏–º–æ—Å—Ç–∏ —Å –∏—Å–ø–æ–ª—å–∑–æ–≤–∞–Ω–∏–µ–º —Å–º–∞—Ä—Ç-–∫–æ–Ω—Ç—Ä–∞–∫—Ç–∞ –Ω–∞ –±–ª–æ–∫—á–µ–π–Ω–µ Ether–µum. –ö–≤–∞—Ä—Ç–∏—Ä—É –≤ –ö–∏–µ–≤–µ –ø—Ä–∏–æ–±—Ä–µ–ª –∞–º–µ—Ä–∏–∫–∞–Ω—Å–∫–∏–π –ø–æ–∫—É–ø–∞—Ç–µ–ª—å —á–µ—Ä–µ–∑ –¥–µ—Ü–µ–Ω—Ç—Ä–∞–ª–∏–∑–æ–≤–∞–Ω–Ω—ã–π –º–∞—Ä–∫–µ—Ç–ø–ª–µ–π—Å –Ω–µ–¥–≤–∏–∂–∏–º–æ—Å—Ç–∏ Propy (–°–®–ê), –ø—Ä–∏ —ç—Ç–æ–º –ø—Ä–æ–¥–∞–≤–µ—Ü –∂–∏–ª—å—è —Ç–µ—Ä—Ä–∏—Ç–æ—Ä–∏–∞–ª—å–Ω–æ –Ω–∞—Ö–æ–¥–∏–ª—Å—è –≤ –ù—å—é-–ô–æ—Ä–∫–µ.                      "	0.0	6.5	77353058	0	0	0
225	9	343	149	38.111111111111114	22.0	1.5	0	0	0.0	0.0	        	0.0	4.5	86389307	0	0	0
226	42	3251	527	77.4047619047619	64.0	3.5	0	0	0.0	0.0	                                    nobody knows the me that you do.     	0.0	10.5	347513509	0	0	0
227	1	1	1	1.0	1.0	1.0	0	0	0.0	0.0		0.0	1.0	148547274	0	0	0
228	71	1968	140	27.718309859154928	23.0	6.454545454545454	1	1	0.014084507042253521	0.0	                                                                      	0.0	11.833333333333334	187658284	0	0	0
229	47	255	78	5.425531914893617	3.0	5.222222222222222	0	0	0.0	0.0	"                                    –ú–æ—è —Å–∫–∞–Ω–æ–≥—Ä–∞—Ñ–∏–∫–∞ –∏–∑ –ø—Ä–∏–ª–æ–∂–µ–Ω–∏—è –°–∫–∞–Ω–æ–≥—Ä–∞—Ñ
 –¢–∞–∫—É—é –∂–µ —Å–¥–µ–ª–∞—Ç—å –º–æ–∂–Ω–æ —Ç—É—Ç  : https://vk.com/app4179612          "	0.0	15.666666666666666	406593688	0	1	0
230														435807108.0			
231	5	324	147	64.8	42.0	1.0	0	0	0.0	0.0	  üçï @ Venice, Italy  	0.0	1.6666666666666667	139187323	0	0	0
232	426	1803	72	4.232394366197183	2.0	35.5	0	0	0.0	0.0	                                                                                                                                                                                                                                                              Original: http://www.besmile.club/resources/img/000/000/269/img_26941_crop-768-360.jpg Original: http://www.oum.ru/upload/iblock/4cc/4cc7376fee90d757cb60b7dc89ba08a3.jpg                                                                                                                                                                          	0.0	53.25	160509885	0	2	0
233	1	51	51	51.0	51.0	1.0	0	0	0.0	0.0		0.0	1.0	209555929	0	0	0
234	278	2814	201	10.122302158273381	2.0	23.166666666666668	0	0	0.0	0.0	                                                                                                                                                                                                                                                                                     	0.0	34.75	187761553	0	0	0
235	2	165	88	82.5	82.5	1.0	0	0	0.0	0.0	 	0.0	1.0	187892096	0	0	0
236	3	166	57	55.333333333333336	55.0	1.5	1	1	0.3333333333333333	0.0	  	0.0	1.5	101077390	0	0	0
237	52	3679	132	70.75	71.0	4.7272727272727275	0	0	0.0	0.0	"                              üôàüôàüôà    ‚ò∫üòåüôà  –†–£–ö–ò, –†–£–ö–ò, –†–£–ö–ò –í –ù–ï–ë–ï–°–ê–ê–ê
–ï–ï–ï–ï–ï–ï
–ù–ï –ó–ê–ë–£–î–ï–ú –≠–¢–û –ù–ò–ö–û–ì–î–ê –ü–µ—Ä–µ–¥ –≥–ª–∞–∑–∞–º–∏, –∫–∞–∫-–±—É–¥—Ç–æ –∫–æ–º–µ—Ç—ã —Å–≥–æ—Ä–∞—é—Ç —Å—Ç–æ–ª–µ—Ç–∏—è
–£—Å–ø–µ–π —Å–ø–µ—Ç—å, —Å–∫–æ—Ä–µ–π!
–î–∞–≤–∞–π –∑–∞–∂–∏–≥–∞–∞–∞–∞—Ç—å! –î–∞–≤–∞–π –∑–∞–∂–∏–≥–∞–∞–∞–∞–∞—Ç—å!
#—Ä–µ–±–µ–Ω–æ–∫—Å—á–∞—Å—Ç–ª–∏–≤ üê∞‚ù§‚òÄ              "	0.0	10.4	118723614	0	0	0
238	2	228	147	114.0	114.0	1.0	0	0	0.0	0.0	 	0.0	1.0	136414191	0	0	0
239	3	121	46	40.333333333333336	46.0	1.5	0	0	0.0	0.0	  	0.0	1.5	137144223	0	0	0
240	72	2521	140	35.013888888888886	30.5	7.2	0	0	0.0	0.0	                                                                       	0.0	14.4	137407793	0	0	0
241	13	1469	169	113.0	100.0	1.625	0	0	0.0	0.0	            	0.0	2.6	140238179	0	0	0
242	6	321	168	53.5	18.5	3.0	0	0	0.0	0.0	     	0.0	1.5	140733997	0	0	0
243	75	2922	152	38.96	25.0	6.25	3	1	0.04	0.0	"                Repost from @ssolkhova @TopRankRepost #TopRankRepost –°–∞–º–∞—è —Ä–æ–¥–Ω–∞—è‚ù§Ô∏èüò≠ 
17.10.16 @ Yekaterinburg, Sverdlovskaya Oblast', Russia       –í–æ—Ç –∏ –∫–∞–Ω–∏–∫—É–ª—ã‚ú® –ó–∞–º–µ—á–∞—Ç–µ–ª—å–Ω—ã–π –¥–µ–Ω—ë–∫üòå‚òùüèºÔ∏èüö≤ 
–û—Ç–ª–∏—á–Ω–æ–≥–æ –≤—Å–µ–º –ª–µ—Ç–∞.‚ù§Ô∏è
–ê –ª—é–±–∏–º–∞—è @lavandasha  —É–¥–∞—á–∏ —Ç–µ–±–µ, –Ω–µ –≤–æ–ª–Ω—É–π—Å—è, –≤—Å—ë —Å–¥–∞—à—å –Ω–∞ –æ—Ç–ª–∏—á–Ω–æ, —è —Ç–æ –∑–Ω–∞—é‚ò∫Ô∏è‚ù§Ô∏èüòâ ‚úäüèº @ –ï–∫–∞—Ç–µ—Ä–∏–Ω–±—É—Ä–≥ –¶–µ–Ω—Ç—Ä –≥–æ—Ä–æ–¥–∞              –õ–µ—Ç–æüòì –≠—Ç–æ –ª–µ—Ç–æ –±—ã–ª–æ —Å—É–ø–µ—Äüëçüèº –°–ø–∞—Å–∏–±–æ –≤—Å–µ–ºüòå –•–æ—Ä–æ—à–µ–≥–æ —É—á–µ–±–Ω–æ–≥–æ –≥–æ–¥–∞üòÇüòáüòé –ï—â—ë –±—ã –ø–∞—Ä—É –º–µ—Å—è—Ü–µ–≤ –æ—Ç–¥—ã—Ö–∞üòâüòÄ #–ü–∏—Ç–µ—Ä #–õ–æ–Ω–¥–æ–Ω #–¢—É—Ä—Ü–∏—è #–ï–∫–∞—Ç–µ—Ä–∏–Ω–±—É—Ä–≥ ‚ù§Ô∏è                        #–¥–∞–∞–∞–∞–∞–¥–µ–Ω—ë–∫             "	0.0	9.375	145943151	0	0	0
244	6	195	45	32.5	30.0	1.2	0	0	0.0	0.0	     	0.0	1.5	147158599	0	0	0
245														152147510.0			
246	1	13	13	13.0	13.0	1.0	0	0	0.0	0.0		0.0	1.0	157432229	0	0	0
247	98	1221	139	12.459183673469388	6.0	8.909090909090908	0	0	0.0	0.0	                                                                                                 	0.0	16.333333333333332	165881207	0	0	0
248	15	722	230	48.13333333333333	33.0	1.875	0	0	0.0	0.0	              	0.0	7.5	166791104	0	0	0
249	1	36	36	36.0	36.0	1.0	0	0	0.0	0.0		0.0	1.0	167231504	0	0	0
250	14	602	74	43.0	35.0	2.0	0	0	0.0	0.0	   –ü—Ä–∏—è—Ç–Ω—ã–π –≤–µ—á–µ—Ä —Å –ø—Ä–∏—è—Ç–Ω—ã–º–∏ –ª—é–¥—å–º–∏ üôà –°–ø–∞—Å–∏–±–æ –∑–∞ –≥–æ–¥—ã, –ø—Ä–æ–≤–µ–¥–µ–Ω–Ω—ã–µ –≤–º–µ—Å—Ç–µ, –∏ —É–¥–∞—á–∏ –≤–æ –≤–∑—Ä–æ—Å–ª–æ–π –∂–∏–∑–Ω–∏ ‚ù§Ô∏è. 11–ë üí™ üòãüòä –° –Ω–∏–º–∏ —Ö–æ—Ç—å –Ω–∞ –∫—Ä–∞–π —Å–≤–µ—Ç–∞ –ø–æ–µ–¥—É ‚ù§Ô∏è –ë—Ä–∞—Ç ‚ù§Ô∏è      	0.0	3.5	168123124	0	0	0
251	1	68	68	68.0	68.0	1.0	0	0	0.0	0.0		0.0	1.0	169289353	0	0	0
252														181590844.0			
253	1	8	8	8.0	8.0	1.0	0	0	0.0	0.0		0.0	1.0	182536732	0	0	0
254	8	354	72	44.25	57.0	1.3333333333333333	0	0	0.0	0.0	       	0.0	4.0	185524683	0	0	0
255	7	571	131	81.57142857142857	65.0	1.1666666666666667	1	1	0.14285714285714285	0.0	      	0.0	2.3333333333333335	189110619	0	0	0
256	78	1069	50	13.705128205128204	7.5	7.090909090909091	0	0	0.0	0.0	                                                                             	0.0	11.142857142857142	189127221	0	0	0
257	2	55	40	27.5	27.5	1.0	0	0	0.0	0.0	 	0.0	1.0	193476546	0	0	0
258	7	1233	331	176.14285714285714	169.0	1.75	1	1	0.14285714285714285	0.0	      	0.0	1.4	193827307	0	0	0
259	3	260	106	86.66666666666667	105.0	1.5	0	0	0.0	0.0	  	0.0	1.5	196868072	0	0	0
260	3	37	17	12.333333333333334	15.0	1.0	0	0	0.0	0.0	  	0.0	1.0	197982051	0	0	0
261	4	234	85	58.5	51.5	1.3333333333333333	0	0	0.0	0.0	   	0.0	2.0	198163381	0	0	0
262														198207452.0			
263	3	402	156	134.0	148.0	1.0	0	0	0.0	0.0	  	0.0	1.5	198295813	0	0	0
264	2	9	5	4.5	4.5	2.0	0	0	0.0	0.0	#vsco #vscocam #vscorussia #sochi #april #vsco #vscocam #vscorussia #sochi #april	40.0	2.0	207846804	0	0	0
265														211899258.0			
266	1	34	34	34.0	34.0	1.0	0	0	0.0	0.0		0.0	1.0	212001184	0	0	0
267														213600184.0			
268	18	165	16	9.166666666666666	10.5	2.5714285714285716	0	0	0.0	0.0	                 	0.0	9.0	215429252	0	0	0
269	4	182	61	45.5	44.5	1.0	0	0	0.0	0.0	   	0.0	2.0	217705274	0	0	0
270	1	5	5	5.0	5.0	1.0	0	0	0.0	0.0		0.0	1.0	218449665	0	0	0
271	20	907	94	45.35	41.0	1.8181818181818181	0	0	0.0	0.0	                   	0.0	4.0	218902688	0	0	0
272	18	31	4	1.7222222222222223	2.0	2.25	0	0	0.0	0.0	         —â—è –∑–∞–≥–∞—Å–∏–º!        	0.0	4.5	219497485	0	0	0
273	2	26	22	13.0	13.0	1.0	0	0	0.0	0.0	 	0.0	1.0	223082657	0	0	0
274	18	1011	109	56.166666666666664	49.0	2.0	0	0	0.0	0.0	                 	0.0	6.0	223179742	0	0	0
275	2	35	24	17.5	17.5	1.0	0	0	0.0	0.0	 	0.0	1.0	230715610	0	0	0
276	4	312	94	78.0	75.0	1.0	0	0	0.0	0.0	   	0.0	1.3333333333333333	232033279	0	0	0
277	1	50	50	50.0	50.0	1.0	0	0	0.0	0.0		0.0	1.0	235838327	0	0	0
278	5	152	46	30.4	27.0	1.0	0	0	0.0	0.0	    	0.0	1.25	237542879	0	0	0
279	3	184	92	61.333333333333336	55.0	1.0	0	0	0.0	0.0	  	0.0	1.5	239997544	0	0	0
280	5	109	34	21.8	18.0	1.0	0	0	0.0	0.0	    	0.0	1.6666666666666667	247671917	0	0	0
281	1	9	9	9.0	9.0	1.0	0	0	0.0	0.0		0.0	1.0	253030094	0	0	0
282	2	56	39	28.0	28.0	1.0	0	0	0.0	0.0	 	0.0	2.0	255587250	0	0	0
283	7	274	75	39.142857142857146	42.0	2.3333333333333335	0	0	0.0	0.0	      	0.0	3.5	259684159	0	0	0
284	4	73	22	18.25	18.0	2.0	0	0	0.0	0.0	   	0.0	4.0	261236455	0	0	0
285	2	39	38	19.5	19.5	1.0	0	0	0.0	0.0	 	0.0	1.0	265056772	0	0	0
286														266589347.0			
287														269598476.0			
288														274836942.0			
289	19	222	36	11.68421052631579	5.0	3.8	0	0	0.0	0.0	                  	0.0	6.333333333333333	293764965	0	0	0
290	29	1792	99	61.793103448275865	65.0	2.4166666666666665	0	0	0.0	0.0	                            	0.0	5.8	294637390	0	0	0
291	2	282	142	141.0	141.0	2.0	0	0	0.0	0.0	 	0.0	2.0	300815822	0	0	0
292	4	684	214	171.0	165.0	1.3333333333333333	1	1	0.25	0.0	   	0.0	1.3333333333333333	304134680	0	0	0
293	1	5	5	5.0	5.0	1.0	0	0	0.0	0.0		0.0	1.0	317138208	0	0	0
294	3	96	39	32.0	31.0	1.0	0	0	0.0	0.0	  	0.0	1.5	326882627	0	0	0
295	17	640	55	37.64705882352941	41.0	2.125	0	0	0.0	0.0	                	0.0	4.25	353145194	0	0	0
296	1	58	58	58.0	58.0	1.0	0	0	0.0	0.0		0.0	1.0	358895372	0	0	0
297	31	3959	239	127.70967741935483	130.0	2.8181818181818183	0	0	0.0	0.0	                              	0.0	6.2	41132649	0	0	0
298	3	127	46	42.333333333333336	43.0	1.0	0	0	0.0	0.0	  	0.0	3.0	417351362	0	0	0
299	53	4127	132	77.86792452830188	82.0	4.818181818181818	3	1	0.05660377358490566	0.0	                                                    	0.0	10.6	42193711	0	0	0
300	2	16	9	8.0	8.0	1.0	0	0	0.0	0.0	 	0.0	1.0	446759129	0	0	0
301	1	6	6	6.0	6.0	1.0	0	0	0.0	0.0		0.0	1.0	465861568	0	0	0
302	1	6	6	6.0	6.0	1.0	0	0	0.0	0.0		0.0	1.0	498477284	0	0	0
303	11	73	28	6.636363636363637	1.0	2.75	0	0	0.0	0.0	–ó–∞–¥–∞—Ç—å –º–Ω–µ –≤–æ–ø—Ä–æ—Å –∏–ª–∏ –æ—Å—Ç–∞–≤–∏—Ç—å –º–Ω–µ–Ω–∏–µ –º–æ–∂–Ω–æ –∑–¥–µ—Å—å : https://vk.com/app7132085#503848230 –ó–∞–¥–∞—Ç—å –º–Ω–µ –≤–æ–ø—Ä–æ—Å –∏–ª–∏ –æ—Å—Ç–∞–≤–∏—Ç—å –º–Ω–µ–Ω–∏–µ –º–æ–∂–Ω–æ –∑–¥–µ—Å—å : https://vk.com/app7132085#503848230 –ó–∞–¥–∞—Ç—å –º–Ω–µ –≤–æ–ø—Ä–æ—Å –∏–ª–∏ –æ—Å—Ç–∞–≤–∏—Ç—å –º–Ω–µ–Ω–∏–µ –º–æ–∂–Ω–æ –∑–¥–µ—Å—å : https://vk.com/app7132085#503848230 –ó–∞–¥–∞—Ç—å –º–Ω–µ –≤–æ–ø—Ä–æ—Å –∏–ª–∏ –æ—Å—Ç–∞–≤–∏—Ç—å –º–Ω–µ–Ω–∏–µ –º–æ–∂–Ω–æ –∑–¥–µ—Å—å : https://vk.com/app7132085#503848230 –ó–∞–¥–∞—Ç—å –º–Ω–µ –≤–æ–ø—Ä–æ—Å –∏–ª–∏ –æ—Å—Ç–∞–≤–∏—Ç—å –º–Ω–µ–Ω–∏–µ –º–æ–∂–Ω–æ –∑–¥–µ—Å—å : https://vk.com/app7132085#503848230 –ó–∞–¥–∞—Ç—å –º–Ω–µ –≤–æ–ø—Ä–æ—Å –∏–ª–∏ –æ—Å—Ç–∞–≤–∏—Ç—å –º–Ω–µ–Ω–∏–µ –º–æ–∂–Ω–æ –∑–¥–µ—Å—å : https://vk.com/app7132085#503848230 –ó–∞–¥–∞—Ç—å –º–Ω–µ –≤–æ–ø—Ä–æ—Å –∏–ª–∏ –æ—Å—Ç–∞–≤–∏—Ç—å –º–Ω–µ–Ω–∏–µ –º–æ–∂–Ω–æ –∑–¥–µ—Å—å : https://vk.com/app7132085#503848230    	87.0	5.5	503848230	0	7	0
304														504712884.0			
305														506378583.0			
306	15	347	40	23.133333333333333	24.0	2.142857142857143	0	0	0.0	0.0	              	0.0	15.0	516142600	0	0	0
307	9	33	16	3.6666666666666665	1.0	9.0	0	0	0.0	0.0	        	0.0	9.0	559487192	0	0	0
308	1	4	4	4.0	4.0	1.0	0	0	0.0	0.0		0.0	1.0	559792885	0	0	0
309	1	8	8	8.0	8.0	1.0	0	0	0.0	0.0		0.0	1.0	559796134	0	0	0
310	2	10	7	5.0	5.0	2.0	0	0	0.0	0.0	 	0.0	2.0	560125926	0	0	0
311	3	16	8	5.333333333333333	5.0	1.5	0	0	0.0	0.0	  	0.0	3.0	560325568	0	0	0
312	20	98	12	4.9	5.0	2.2222222222222223	0	0	0.0	0.0	                   	0.0	5.0	61407777	0	0	0
313	8	362	108	45.25	39.0	1.6	3	3	0.375	0.0	       	0.0	4.0	67059405	0	0	0
314	8	496	91	62.0	61.5	1.1428571428571428	0	0	0.0	0.0	       	0.0	2.6666666666666665	89440001	0	0	0
315	3	165	88	55.0	48.0	1.0	0	0	0.0	0.0	  	0.0	1.5	90889234	0	0	0
316	17	525	103	30.88235294117647	18.0	2.4285714285714284	0	0	0.0	0.0	                	0.0	2.8333333333333335	91784646	0	0	0
317	15	1476	176	98.4	92.0	1.6666666666666667	0	0	0.0	0.0	              	0.0	3.0	229553210	0	0	0
318	64	427	39	6.671875	5.0	5.818181818181818	0	0	0.0	0.0	                                                               	0.0	12.8	173272144	0	0	0
319														67313918.0			
320	24	97	21	4.041666666666667	2.0	4.8	8	2	0.3333333333333333	0.0	                       	0.0	6.0	81398082	0	0	0
321	2	150	84	75.0	75.0	1.0	0	0	0.0	0.0	 	0.0	1.0	144381045	0	0	0
322														550026993.0			
323	22	1706	119	77.54545454545455	80.5	2.75	0	0	0.0	0.0	                     	0.0	5.5	285610454	0	0	0
324	13	440	60	33.84615384615385	32.0	1.8571428571428572	0	0	0.0	0.0	      –î–∞–º–∞ –Ω–∞ –ª—ã–∂–∞—Ö. –§–æ—Ç–æ –≤ —Ü–≤–µ—Ç–µ.     SEX-ATTACK 	0.0	3.25	124650897	0	0	0
325														196682518.0			
326	11	16	12	1.4545454545454546	0.0	5.5	0	0	0.0	0.0	          	0.0	5.5	176390700	0	0	0
327	22	365	40	16.59090909090909	13.0	2.75	0	0	0.0	0.0	                     	0.0	7.333333333333333	250802245	0	0	0
328	40	3174	183	79.35	90.5	4.444444444444445	0	0	0.0	0.0	                                       	0.0	8.0	163971608	0	0	0
329	6	75	25	12.5	11.0	1.2	0	0	0.0	0.0	     	0.0	3.0	172422809	0	0	0
330	9	282	63	31.333333333333332	27.0	1.5	0	0	0.0	0.0	        	0.0	3.0	195112633	0	0	0
331	4	456	153	114.0	107.5	1.0	0	0	0.0	0.0	   	0.0	2.0	197897492	0	0	0
332	9	1439	287	159.88888888888889	124.0	1.8	0	0	0.0	0.0	        	0.0	1.8	66818353	0	0	0
333	30	2465	133	82.16666666666667	92.5	2.5	3	1	0.1	0.0	                             	0.0	5.0	255143005	0	0	0
334	25	5928	3643	237.12	36.0	2.272727272727273	0	0	0.0	0.0	                        	0.0	4.166666666666667	180917498	0	0	0
335	2	252	181	126.0	126.0	1.0	0	0	0.0	0.0	 	0.0	1.0	146359989	0	0	0
336	1	155	155	155.0	155.0	1.0	0	0	0.0	0.0		0.0	1.0	145698368	0	0	0
337	69	1578	178	22.869565217391305	23.0	5.75	0	0	0.0	0.0	                                        .                            	0.0	11.5	134143299	0	0	0
338	6	130	39	21.666666666666668	17.5	1.2	0	0	0.0	0.0	     	0.0	1.5	388448282	0	0	0
339	4	523	188	130.75	116.0	1.0	0	0	0.0	0.0	   	0.0	1.3333333333333333	226312878	0	0	0
340	1	11	11	11.0	11.0	1.0	0	0	0.0	0.0		0.0	1.0	247238228	0	0	0
341	10	655	73	65.5	64.0	1.4285714285714286	0	0	0.0	0.0	         	0.0	3.3333333333333335	95512528	0	0	0
342	61	377	52	6.180327868852459	4.0	5.545454545454546	0	0	0.0	0.0	            –ó–∞–¥–∞—Ç—å –º–Ω–µ –≤–æ–ø—Ä–æ—Å –∏–ª–∏ –æ—Å—Ç–∞–≤–∏—Ç—å –º–Ω–µ–Ω–∏–µ –º–æ–∂–Ω–æ –∑–¥–µ—Å—å : https://vk.com/app7132085#412506652   –ó–∞–¥–∞—Ç—å –º–Ω–µ –≤–æ–ø—Ä–æ—Å –∏–ª–∏ –æ—Å—Ç–∞–≤–∏—Ç—å –º–Ω–µ–Ω–∏–µ –º–æ–∂–Ω–æ –∑–¥–µ—Å—å : https://vk.com/app7132085#412506652   –ó–∞–¥–∞—Ç—å –º–Ω–µ –≤–æ–ø—Ä–æ—Å –∏–ª–∏ –æ—Å—Ç–∞–≤–∏—Ç—å –º–Ω–µ–Ω–∏–µ –º–æ–∂–Ω–æ –∑–¥–µ—Å—å : https://vk.com/app7132085#412506652  –ó–∞–¥–∞—Ç—å –º–Ω–µ –≤–æ–ø—Ä–æ—Å –∏–ª–∏ –æ—Å—Ç–∞–≤–∏—Ç—å –º–Ω–µ–Ω–∏–µ –º–æ–∂–Ω–æ –∑–¥–µ—Å—å : https://vk.com/app7132085#412506652 –ó–∞–¥–∞—Ç—å –º–Ω–µ –≤–æ–ø—Ä–æ—Å –∏–ª–∏ –æ—Å—Ç–∞–≤–∏—Ç—å –º–Ω–µ–Ω–∏–µ –º–æ–∂–Ω–æ –∑–¥–µ—Å—å : https://vk.com/app7132085#412506652 –ó–∞–¥–∞—Ç—å –º–Ω–µ –≤–æ–ø—Ä–æ—Å –∏–ª–∏ –æ—Å—Ç–∞–≤–∏—Ç—å –º–Ω–µ–Ω–∏–µ –º–æ–∂–Ω–æ –∑–¥–µ—Å—å : https://vk.com/app7132085#412506652                                      	0.0	20.333333333333332	412506652	0	6	0
343	11	1405	285	127.72727272727273	104.0	1.5714285714285714	1	1	0.09090909090909091	0.0	          	0.0	2.2	100177257	0	0	0
344	185	11855	342	64.08108108108108	61.0	15.416666666666666	1	1	0.005405405405405406	0.0	                                                                                                                                                                                        	0.0	26.428571428571427	198952484	0	0	0
345														101547329.0			
346	82	5082	210	61.97560975609756	49.0	6.833333333333333	3	1	0.036585365853658534	0.0	                                                    –ü–µ—Ä–≤–æ–º–∞–π-–æ—Ç–ª–∏—á–Ω—ã–π –¥–µ–Ω—å, —á—Ç–æ–±—ã —Å—Ö–æ–¥–∏—Ç—å...–≤ –∫–∞—á–∞–ª–∫—É.                             	0.0	11.714285714285714	222197140	0	0	0
347	20	1217	170	60.85	53.5	1.8181818181818181	0	0	0.0	0.0	                   	0.0	4.0	268512540	0	0	0
348	1	41	41	41.0	41.0	1.0	0	0	0.0	0.0		0.0	1.0	136778365	0	0	0
349														341421745.0			
350														552436069.0			
351	1	37	37	37.0	37.0	1.0	0	0	0.0	0.0		0.0	1.0	157705424	0	0	0
352														111457436.0			
353	1	32	32	32.0	32.0	1.0	0	0	0.0	0.0		0.0	1.0	151578699	0	0	0
354	2	133	103	66.5	66.5	1.0	0	0	0.0	0.0	 	0.0	1.0	280591770	0	0	0
355	2	135	73	67.5	67.5	1.0	0	0	0.0	0.0	 	0.0	1.0	258751975	0	0	0
356	7	371	90	53.0	48.0	1.1666666666666667	0	0	0.0	0.0	      	0.0	1.75	137785013	0	0	0
357														332149633.0			
358	2	121	66	60.5	60.5	1.0	0	0	0.0	0.0	 	0.0	2.0	159179747	0	0	0
359	8	316	68	39.5	32.5	1.6	0	0	0.0	0.0	       	0.0	2.6666666666666665	200515168	0	0	0
360														219596124.0			
361	53	4777	181	90.13207547169812	83.0	4.416666666666667	1	1	0.018867924528301886	0.0	                          Dream team                          	0.0	7.571428571428571	107770210	0	0	0
362	11	382	160	34.72727272727273	16.0	1.2222222222222223	0	0	0.0	0.0	          	0.0	2.75	353587815	0	0	0
363	54	1139	73	21.09259259259259	17.0	4.5	0	0	0.0	0.0	                                                     	0.0	10.8	84403141	0	0	0
364	1	21	21	21.0	21.0	1.0	0	0	0.0	0.0		0.0	1.0	151058854	0	0	0
365	6	85	22	14.166666666666666	16.0	1.5	0	0	0.0	0.0	     	0.0	2.0	420183422	0	0	0
366	259	2931	75	11.316602316602317	8.0	21.583333333333332	2	1	0.007722007722007722	0.0	" –ù–µ –Ω–∞—Ö–æ–¥–∏—Ç—Å—è –Ω–∏–∫–∞–∫–∏—Ö —Å–ª–æ–≤, —á—Ç–æ–±—ã –≤—ã—Ä–∞–∑–∏—Ç—å, –∫–∞–∫ –¥–ª—è –º–µ–Ω—è –¥–æ—Ä–æ–≥–∏ –ª—é–¥–∏, —Å –∫–æ—Ç–æ—Ä—ã–º–∏ —è –ø—Ä–æ–≤–µ–ª–∞ –∑–∞–º–µ—á–∞—Ç–µ–ª—å–Ω—ã–µ 10 –∏ 11 –∫–ª–∞—Å—Å—ã. –í –ø–µ—Ä–≤—É—é –æ—á–µ—Ä–µ–¥—å, —ç—Ç–æ –º–æ–∏ —Ä–æ–¥–∏—Ç–µ–ª–∏, –∫–æ—Ç–æ—Ä—ã–µ –≤—Å–µ–≥–¥–∞ –ø–æ–¥–¥–µ—Ä–∂–∏–≤–∞–ª–∏ –º–µ–Ω—è. –≠—Ç–æ –º–æ–∏ –¥—Ä—É–∑—å—è, —á—É–º–æ–≤—ã–µ —Ç–æ–≤–∞—Ä–∏—â–∏, –∫–æ—Ç–æ—Ä—ã–µ –ø—Ä–µ–≤—Ä–∞—â–∞–ª–∏ –æ–±—ã—á–Ω—ã–µ —Å–µ—Ä—ã–µ –±—É–¥–Ω–∏ –≤ –Ω–∞—Å—Ç–æ—è—â–∏–µ –ø—Ä–∏–∫–ª—é—á–µ–Ω–∏—è! –ú–æ–∏ –æ–¥–Ω–æ–≥—Ä—É–ø–ø–Ω–∏–∫–∏, —Ä–µ–±—è—Ç–∞, –∫–æ—Ç–æ—Ä—ã–µ —Å—Ç–∞–≤–∏–ª–∏ –Ω–µ–≤–µ—Ä–æ—è—Ç–Ω–æ –≤—ã—Å–æ–∫—É—é –ø–ª–∞–Ω–∫—É –≤ –æ–±—É—á–µ–Ω–∏–∏, –±—ã–ª–∏ –≥–æ—Ç–æ–≤—ã –ø–æ–º–æ—á—å –≤ –ª—é–±–æ–π —Å–∏—Ç—É–∞—Ü–∏–∏.
–í–ø–µ—Ä–µ–¥–∏ –µ—â—ë –º–µ—Å—è—Ü —É—Å–∏–ª–µ–Ω–Ω–æ–π —Ä–∞–±–æ—Ç—ã, –Ω–æ –º—ã —É–∂–µ –∑–∞–∫–æ–Ω—á–∏–ª–∏ —à–∫–æ–ª—É (–¥–∞–∂–µ –Ω–µ –≤–µ—Ä–∏—Ç—Å—è), –∞ –∑–Ω–∞—á–∏—Ç, —Å–º–æ–∂–µ–º —á—Ç–æ —É–≥–æ–¥–Ω–æ!
–ò –¥–∞, –õ–ò–¶–ï–ò–°–¢ –û–î–ù–ê–ñ–î–´ - –õ–ò–¶–ï–ò–°–¢ –ù–ê–í–°–ï–ì–î–ê! 
#–ø–æ—Å–ª–µ–¥–Ω–∏–π–∑–≤–æ–Ω–æ–∫ #–ø–æ—Å–ª–µ–¥–Ω–∏–π–∑–≤–æ–Ω–æ–∫2019 #hselyseum #–ª–∏—Ü–µ–π–Ω–∏—É–≤—à–µ #–ø—Ä–æ—â–∞–π—à–∫–æ–ª–∞ #—Ä–æ–¥–∏—Ç–µ–ª–∏ #–¥—Ä—É–∑—å—è #friends #bestfriends #—Å–ø–∞—Å–∏–±–æ–ª–∏—Ü–µ—é–∑–∞ –ù–µ –Ω–∞—Ö–æ–¥–∏—Ç—Å—è –Ω–∏–∫–∞–∫–∏—Ö —Å–ª–æ–≤, —á—Ç–æ–±—ã –≤—ã—Ä–∞–∑–∏—Ç—å, –∫–∞–∫ –¥–ª—è –º–µ–Ω—è –¥–æ—Ä–æ–≥–∏ –ª—é–¥–∏, —Å –∫–æ—Ç–æ—Ä—ã–º–∏ —è –ø—Ä–æ–≤–µ–ª–∞ –∑–∞–º–µ—á–∞—Ç–µ–ª—å–Ω—ã–µ 10 –∏ 11 –∫–ª–∞—Å—Å—ã. –í –ø–µ—Ä–≤—É—é –æ—á–µ—Ä–µ–¥—å, —ç—Ç–æ –º–æ–∏ —Ä–æ–¥–∏—Ç–µ–ª–∏, –∫–æ—Ç–æ—Ä—ã–µ –≤—Å–µ–≥–¥–∞ –ø–æ–¥–¥–µ—Ä–∂–∏–≤–∞–ª–∏ –º–µ–Ω—è. –≠—Ç–æ –º–æ–∏ –¥—Ä—É–∑—å—è, —á—É–º–æ–≤—ã–µ —Ç–æ–≤–∞—Ä–∏—â–∏, –∫–æ—Ç–æ—Ä—ã–µ –ø—Ä–µ–≤—Ä–∞—â–∞–ª–∏ –æ–±—ã—á–Ω—ã–µ —Å–µ—Ä—ã–µ –±—É–¥–Ω–∏ –≤ –Ω–∞—Å—Ç–æ—è—â–∏–µ –ø—Ä–∏–∫–ª—é—á–µ–Ω–∏—è! –ú–æ–∏ –æ–¥–Ω–æ–≥—Ä—É–ø–ø–Ω–∏–∫–∏, —Ä–µ–±—è—Ç–∞, –∫–æ—Ç–æ—Ä—ã–µ —Å—Ç–∞–≤–∏–ª–∏ –Ω–µ–≤–µ—Ä–æ—è—Ç–Ω–æ –≤—ã—Å–æ–∫—É—é –ø–ª–∞–Ω–∫—É –≤ –æ–±—É—á–µ–Ω–∏–∏, –±—ã–ª–∏ –≥–æ—Ç–æ–≤—ã –ø–æ–º–æ—á—å –≤ –ª—é–±–æ–π —Å–∏—Ç—É–∞—Ü–∏–∏.
–í–ø–µ—Ä–µ–¥–∏ –µ—â—ë –º–µ—Å—è—Ü —É—Å–∏–ª–µ–Ω–Ω–æ–π —Ä–∞–±–æ—Ç—ã, –Ω–æ –º—ã —É–∂–µ –∑–∞–∫–æ–Ω—á–∏–ª–∏ —à–∫–æ–ª—É (–¥–∞–∂–µ –Ω–µ –≤–µ—Ä–∏—Ç—Å—è), –∞ –∑–Ω–∞—á–∏—Ç, —Å–º–æ–∂–µ–º —á—Ç–æ —É–≥–æ–¥–Ω–æ!
–ò –¥–∞, –õ–ò–¶–ï–ò–°–¢ –û–î–ù–ê–ñ–î–´ - –õ–ò–¶–ï–ò–°–¢ –ù–ê–í–°–ï–ì–î–ê! 
#–ø–æ—Å–ª–µ–¥–Ω–∏–π–∑–≤–æ–Ω–æ–∫ #–ø–æ—Å–ª–µ–¥–Ω–∏–π–∑–≤–æ–Ω–æ–∫2019 #hselyseum #–ª–∏—Ü–µ–π–Ω–∏—É–≤—à–µ #–ø—Ä–æ—â–∞–π—à–∫–æ–ª–∞ #—Ä–æ–¥–∏—Ç–µ–ª–∏ #–¥—Ä—É–∑—å—è #friends #bestfriends #—Å–ø–∞—Å–∏–±–æ–ª–∏—Ü–µ—é–∑–∞ –ù–µ –Ω–∞—Ö–æ–¥–∏—Ç—Å—è –Ω–∏–∫–∞–∫–∏—Ö —Å–ª–æ–≤, —á—Ç–æ–±—ã –≤—ã—Ä–∞–∑–∏—Ç—å, –∫–∞–∫ –¥–ª—è –º–µ–Ω—è –¥–æ—Ä–æ–≥–∏ –ª—é–¥–∏, —Å –∫–æ—Ç–æ—Ä—ã–º–∏ —è –ø—Ä–æ–≤–µ–ª–∞ –∑–∞–º–µ—á–∞—Ç–µ–ª—å–Ω—ã–µ 10 –∏ 11 –∫–ª–∞—Å—Å—ã. –í –ø–µ—Ä–≤—É—é –æ—á–µ—Ä–µ–¥—å, —ç—Ç–æ –º–æ–∏ —Ä–æ–¥–∏—Ç–µ–ª–∏, –∫–æ—Ç–æ—Ä—ã–µ –≤—Å–µ–≥–¥–∞ –ø–æ–¥–¥–µ—Ä–∂–∏–≤–∞–ª–∏ –º–µ–Ω—è. –≠—Ç–æ –º–æ–∏ –¥—Ä—É–∑—å—è, —á—É–º–æ–≤—ã–µ —Ç–æ–≤–∞—Ä–∏—â–∏, –∫–æ—Ç–æ—Ä—ã–µ –ø—Ä–µ–≤—Ä–∞—â–∞–ª–∏ –æ–±—ã—á–Ω—ã–µ —Å–µ—Ä—ã–µ –±—É–¥–Ω–∏ –≤ –Ω–∞—Å—Ç–æ—è—â–∏–µ –ø—Ä–∏–∫–ª—é—á–µ–Ω–∏—è! –ú–æ–∏ –æ–¥–Ω–æ–≥—Ä—É–ø–ø–Ω–∏–∫–∏, —Ä–µ–±—è—Ç–∞, –∫–æ—Ç–æ—Ä—ã–µ —Å—Ç–∞–≤–∏–ª–∏ –Ω–µ–≤–µ—Ä–æ—è—Ç–Ω–æ –≤—ã—Å–æ–∫—É—é –ø–ª–∞–Ω–∫—É –≤ –æ–±—É—á–µ–Ω–∏–∏, –±—ã–ª–∏ –≥–æ—Ç–æ–≤—ã –ø–æ–º–æ—á—å –≤ –ª—é–±–æ–π —Å–∏—Ç—É–∞—Ü–∏–∏.
–í–ø–µ—Ä–µ–¥–∏ –µ—â—ë –º–µ—Å—è—Ü —É—Å–∏–ª–µ–Ω–Ω–æ–π —Ä–∞–±–æ—Ç—ã, –Ω–æ –º—ã —É–∂–µ –∑–∞–∫–æ–Ω—á–∏–ª–∏ —à–∫–æ–ª—É (–¥–∞–∂–µ –Ω–µ –≤–µ—Ä–∏—Ç—Å—è), –∞ –∑–Ω–∞—á–∏—Ç, —Å–º–æ–∂–µ–º —á—Ç–æ —É–≥–æ–¥–Ω–æ!
–ò –¥–∞, –õ–ò–¶–ï–ò–°–¢ –û–î–ù–ê–ñ–î–´ - –õ–ò–¶–ï–ò–°–¢ –ù–ê–í–°–ï–ì–î–ê! 
#–ø–æ—Å–ª–µ–¥–Ω–∏–π–∑–≤–æ–Ω–æ–∫ #–ø–æ—Å–ª–µ–¥–Ω–∏–π–∑–≤–æ–Ω–æ–∫2019 #hselyseum #–ª–∏—Ü–µ–π–Ω–∏—É–≤—à–µ #–ø—Ä–æ—â–∞–π—à–∫–æ–ª–∞ #—Ä–æ–¥–∏—Ç–µ–ª–∏ #–¥—Ä—É–∑—å—è #friends #bestfriends #—Å–ø–∞—Å–∏–±–æ–ª–∏—Ü–µ—é–∑–∞ –ù–µ –Ω–∞—Ö–æ–¥–∏—Ç—Å—è –Ω–∏–∫–∞–∫–∏—Ö —Å–ª–æ–≤, —á—Ç–æ–±—ã –≤—ã—Ä–∞–∑–∏—Ç—å, –∫–∞–∫ –¥–ª—è –º–µ–Ω—è –¥–æ—Ä–æ–≥–∏ –ª—é–¥–∏, —Å –∫–æ—Ç–æ—Ä—ã–º–∏ —è –ø—Ä–æ–≤–µ–ª–∞ –∑–∞–º–µ—á–∞—Ç–µ–ª—å–Ω—ã–µ 10 –∏ 11 –∫–ª–∞—Å—Å—ã. –í –ø–µ—Ä–≤—É—é –æ—á–µ—Ä–µ–¥—å, —ç—Ç–æ –º–æ–∏ —Ä–æ–¥–∏—Ç–µ–ª–∏, –∫–æ—Ç–æ—Ä—ã–µ –≤—Å–µ–≥–¥–∞ –ø–æ–¥–¥–µ—Ä–∂–∏–≤–∞–ª–∏ –º–µ–Ω—è. –≠—Ç–æ –º–æ–∏ –¥—Ä—É–∑—å—è, —á—É–º–æ–≤—ã–µ —Ç–æ–≤–∞—Ä–∏—â–∏, –∫–æ—Ç–æ—Ä—ã–µ –ø—Ä–µ–≤—Ä–∞—â–∞–ª–∏ –æ–±—ã—á–Ω—ã–µ —Å–µ—Ä—ã–µ –±—É–¥–Ω–∏ –≤ –Ω–∞—Å—Ç–æ—è—â–∏–µ –ø—Ä–∏–∫–ª—é—á–µ–Ω–∏—è! –ú–æ–∏ –æ–¥–Ω–æ–≥—Ä—É–ø–ø–Ω–∏–∫–∏, —Ä–µ–±—è—Ç–∞, –∫–æ—Ç–æ—Ä—ã–µ —Å—Ç–∞–≤–∏–ª–∏ –Ω–µ–≤–µ—Ä–æ—è—Ç–Ω–æ –≤—ã—Å–æ–∫—É—é –ø–ª–∞–Ω–∫—É –≤ –æ–±—É—á–µ–Ω–∏–∏, –±—ã–ª–∏ –≥–æ—Ç–æ–≤—ã –ø–æ–º–æ—á—å –≤ –ª—é–±–æ–π —Å–∏—Ç—É–∞—Ü–∏–∏.
–í–ø–µ—Ä–µ–¥–∏ –µ—â—ë –º–µ—Å—è—Ü —É—Å–∏–ª–µ–Ω–Ω–æ–π —Ä–∞–±–æ—Ç—ã, –Ω–æ –º—ã —É–∂–µ –∑–∞–∫–æ–Ω—á–∏–ª–∏ —à–∫–æ–ª—É (–¥–∞–∂–µ –Ω–µ –≤–µ—Ä–∏—Ç—Å—è), –∞ –∑–Ω–∞—á–∏—Ç, —Å–º–æ–∂–µ–º —á—Ç–æ —É–≥–æ–¥–Ω–æ!
–ò –¥–∞, –õ–ò–¶–ï–ò–°–¢ –û–î–ù–ê–ñ–î–´ - –õ–ò–¶–ï–ò–°–¢ –ù–ê–í–°–ï–ì–î–ê! 
#–ø–æ—Å–ª–µ–¥–Ω–∏–π–∑–≤–æ–Ω–æ–∫ #–ø–æ—Å–ª–µ–¥–Ω–∏–π–∑–≤–æ–Ω–æ–∫2019 #hselyseum #–ª–∏—Ü–µ–π–Ω–∏—É–≤—à–µ #–ø—Ä–æ—â–∞–π—à–∫–æ–ª–∞ #—Ä–æ–¥–∏—Ç–µ–ª–∏ #–¥—Ä—É–∑—å—è #friends #bestfriends #—Å–ø–∞—Å–∏–±–æ–ª–∏—Ü–µ—é–∑–∞ –õ—É—á—à–∏–º –¥–Ω—ë–º 13 –º–∞—è —Å–¥–µ–ª–∞–ª–∏ –º–æ–∏ –ø–æ—Ç—Ä—è—Å–∞—é—â–∏–µ –¥—Ä—É–∑—å—è (–∞ –µ—â—ë –ø–∏—Ü—Ü–∞, —Å—É—à–∏, –º–Ω–æ–≥–æ –º–æ—Ä–æ–∂–µ–Ω–æ–≥–æ, –≠–Ω–Ω –•–µ—Ç–µ—É–µ–π, –∏–≥—Ä–∞ –ø—Ä–µ—Å—Ç–æ–ª–æ–≤ –∏ –∫–æ—à–∫–∏)
–°–ø–∞—Å–∏–±–æ, –≤—Å–µ—Ö –ª—é–±–ª—é ‚ù§Ô∏è
#–¥—Ä—É–∑—å—è #–≤–µ—Å–Ω–∞ #–ø–æ–¥—Ä—É–≥–∏ #friendship #birthday #bestfriends #socool #–¥–µ–Ω—å—Ä–æ–∂–¥–µ–Ω–∏—è #18–ª–µ—Ç –õ—É—á—à–∏–º –¥–Ω—ë–º 13 –º–∞—è —Å–¥–µ–ª–∞–ª–∏ –º–æ–∏ –ø–æ—Ç—Ä—è—Å–∞—é—â–∏–µ –¥—Ä—É–∑—å—è (–∞ –µ—â—ë –ø–∏—Ü—Ü–∞, —Å—É—à–∏, –º–Ω–æ–≥–æ –º–æ—Ä–æ–∂–µ–Ω–æ–≥–æ, –≠–Ω–Ω –•–µ—Ç–µ—É–µ–π, –∏–≥—Ä–∞ –ø—Ä–µ—Å—Ç–æ–ª–æ–≤ –∏ –∫–æ—à–∫–∏)
–°–ø–∞—Å–∏–±–æ, –≤—Å–µ—Ö –ª—é–±–ª—é ‚ù§Ô∏è
#–¥—Ä—É–∑—å—è #–≤–µ—Å–Ω–∞ #–ø–æ–¥—Ä—É–≥–∏ #friendship #birthday #bestfriends #socool #–¥–µ–Ω—å—Ä–æ–∂–¥–µ–Ω–∏—è #18–ª–µ—Ç –í –ö–∞–∑–∞–Ω–∏ –¥–æ–ª–∂–µ–Ω –ø–æ–±—ã–≤–∞—Ç—å –∫–∞–∂–¥—ã–π... #–∫–∞–∑–∞–Ω—å #–≤–æ–ª–≥–∞ #–∫—É–ª—à–∞—Ä–∏—Ñ #—Ç–∞—Ç–∞—Ä—Å—Ç–∞–Ω #—Ä–æ—Å—Å–∏—è #—Ä–µ–∫–∏—Ä–æ—Å—Å–∏–∏ #–ø–ª—è–∂ #–≤–µ—Å–Ω–∞ #—Ç—Ä–µ—Ç—å—è—Å—Ç–æ–ª–∏—Ü–∞—Ä–æ—Å—Å–∏–∏ –í –ö–∞–∑–∞–Ω–∏ –¥–æ–ª–∂–µ–Ω –ø–æ–±—ã–≤–∞—Ç—å –∫–∞–∂–¥—ã–π... #–∫–∞–∑–∞–Ω—å #–≤–æ–ª–≥–∞ #–∫—É–ª—à–∞—Ä–∏—Ñ #—Ç–∞—Ç–∞—Ä—Å—Ç–∞–Ω #—Ä–æ—Å—Å–∏—è #—Ä–µ–∫–∏—Ä–æ—Å—Å–∏–∏ #–ø–ª—è–∂ #–≤–µ—Å–Ω–∞ #—Ç—Ä–µ—Ç—å—è—Å—Ç–æ–ª–∏—Ü–∞—Ä–æ—Å—Å–∏–∏ –í –ö–∞–∑–∞–Ω–∏ –¥–æ–ª–∂–µ–Ω –ø–æ–±—ã–≤–∞—Ç—å –∫–∞–∂–¥—ã–π... #–∫–∞–∑–∞–Ω—å #–≤–æ–ª–≥–∞ #–∫—É–ª—à–∞—Ä–∏—Ñ #—Ç–∞—Ç–∞—Ä—Å—Ç–∞–Ω #—Ä–æ—Å—Å–∏—è #—Ä–µ–∫–∏—Ä–æ—Å—Å–∏–∏ #–ø–ª—è–∂ #–≤–µ—Å–Ω–∞ #—Ç—Ä–µ—Ç—å—è—Å—Ç–æ–ª–∏—Ü–∞—Ä–æ—Å—Å–∏–∏ –í –ö–∞–∑–∞–Ω–∏ –¥–æ–ª–∂–µ–Ω –ø–æ–±—ã–≤–∞—Ç—å –∫–∞–∂–¥—ã–π... #–∫–∞–∑–∞–Ω—å #–≤–æ–ª–≥–∞ #–∫—É–ª—à–∞—Ä–∏—Ñ #—Ç–∞—Ç–∞—Ä—Å—Ç–∞–Ω #—Ä–æ—Å—Å–∏—è #—Ä–µ–∫–∏—Ä–æ—Å—Å–∏–∏ #–ø–ª—è–∂ #–≤–µ—Å–Ω–∞ #—Ç—Ä–µ—Ç—å—è—Å—Ç–æ–ª–∏—Ü–∞—Ä–æ—Å—Å–∏–∏ –®–∫–æ–ª—å–Ω—ã–π —á–µ–º–ø–∏–æ–Ω–∞—Ç –†–æ—Å—Å–∏–∏ –ø–æ –∏–Ω—Ç–µ–ª–ª–µ–∫—Ç—É–∞–ª—å–Ω—ã–º –∏–≥—Ä–∞–º –≤ –ö–∞–∑–∞–Ω–∏. –ù–µ–≤–µ—Ä–æ—è—Ç–Ω–æ–µ –∫–æ–ª–∏—á–µ—Å—Ç–≤–æ —É—á–∞—Å—Ç–Ω–∏–∫–æ–≤ —Å–æ –≤—Å–µ–π —Å—Ç—Ä–∞–Ω—ã, –ø–æ—Ç—Ä—è—Å–∞—é—â–∏–π –≥–æ—Ä–æ–¥, –ª—é–±–∏–º—ã–µ –∏–≥—Ä–æ–∫–∏ –ª–∏—Ü–µ–π—Å–∫–∏—Ö –∫–æ–º–∞–Ω–¥, –Ω–æ–≤—ã–µ –∑–Ω–∞–∫–æ–º—Å—Ç–≤–∞ - –∑–∞ –≤—Å—ë —ç—Ç–æ –∏ –∑–∞ –º–Ω–æ–≥–æ–µ –¥—Ä—É–≥–æ–µ, —Å–ø–∞—Å–∏–±–æ!

#—á–≥–∫ #—à—á—Ä #–∫–∞–∑–∞–Ω—å #—Ä–æ—Å—Å–∏—è #–∏–Ω—Ç–µ–ª–ª–µ–∫—Ç—É–∞–ª—å–Ω—ã–µ–∏–≥—Ä—ã #chgk #kazan #russia #teamplay #blackisthenewblack #dreamteam #—à–∫–æ–ª—å–Ω—ã–µ–≥–æ–¥—ã –®–∫–æ–ª—å–Ω—ã–π —á–µ–º–ø–∏–æ–Ω–∞—Ç –†–æ—Å—Å–∏–∏ –ø–æ –∏–Ω—Ç–µ–ª–ª–µ–∫—Ç—É–∞–ª—å–Ω—ã–º –∏–≥—Ä–∞–º –≤ –ö–∞–∑–∞–Ω–∏. –ù–µ–≤–µ—Ä–æ—è—Ç–Ω–æ–µ –∫–æ–ª–∏—á–µ—Å—Ç–≤–æ —É—á–∞—Å—Ç–Ω–∏–∫–æ–≤ —Å–æ –≤—Å–µ–π —Å—Ç—Ä–∞–Ω—ã, –ø–æ—Ç—Ä—è—Å–∞—é—â–∏–π –≥–æ—Ä–æ–¥, –ª—é–±–∏–º—ã–µ –∏–≥—Ä–æ–∫–∏ –ª–∏—Ü–µ–π—Å–∫–∏—Ö –∫–æ–º–∞–Ω–¥, –Ω–æ–≤—ã–µ –∑–Ω–∞–∫–æ–º—Å—Ç–≤–∞ - –∑–∞ –≤—Å—ë —ç—Ç–æ –∏ –∑–∞ –º–Ω–æ–≥–æ–µ –¥—Ä—É–≥–æ–µ, —Å–ø–∞—Å–∏–±–æ!

#—á–≥–∫ #—à—á—Ä #–∫–∞–∑–∞–Ω—å #—Ä–æ—Å—Å–∏—è #–∏–Ω—Ç–µ–ª–ª–µ–∫—Ç—É–∞–ª—å–Ω—ã–µ–∏–≥—Ä—ã #chgk #kazan #russia #teamplay #blackisthenewblack #dreamteam #—à–∫–æ–ª—å–Ω—ã–µ–≥–æ–¥—ã –®–∫–æ–ª—å–Ω—ã–π —á–µ–º–ø–∏–æ–Ω–∞—Ç –†–æ—Å—Å–∏–∏ –ø–æ –∏–Ω—Ç–µ–ª–ª–µ–∫—Ç—É–∞–ª—å–Ω—ã–º –∏–≥—Ä–∞–º –≤ –ö–∞–∑–∞–Ω–∏. –ù–µ–≤–µ—Ä–æ—è—Ç–Ω–æ–µ –∫–æ–ª–∏—á–µ—Å—Ç–≤–æ —É—á–∞—Å—Ç–Ω–∏–∫–æ–≤ —Å–æ –≤—Å–µ–π —Å—Ç—Ä–∞–Ω—ã, –ø–æ—Ç—Ä—è—Å–∞—é—â–∏–π –≥–æ—Ä–æ–¥, –ª—é–±–∏–º—ã–µ –∏–≥—Ä–æ–∫–∏ –ª–∏—Ü–µ–π—Å–∫–∏—Ö –∫–æ–º–∞–Ω–¥, –Ω–æ–≤—ã–µ –∑–Ω–∞–∫–æ–º—Å—Ç–≤–∞ - –∑–∞ –≤—Å—ë —ç—Ç–æ –∏ –∑–∞ –º–Ω–æ–≥–æ–µ –¥—Ä—É–≥–æ–µ, —Å–ø–∞—Å–∏–±–æ!

#—á–≥–∫ #—à—á—Ä #–∫–∞–∑–∞–Ω—å #—Ä–æ—Å—Å–∏—è #–∏–Ω—Ç–µ–ª–ª–µ–∫—Ç—É–∞–ª—å–Ω—ã–µ–∏–≥—Ä—ã #chgk #kazan #russia #teamplay #blackisthenewblack #dreamteam #—à–∫–æ–ª—å–Ω—ã–µ–≥–æ–¥—ã –°–Ω–æ–≤–∞ –≤ –ö–æ–ª–æ–º–Ω–µ —Å sofya_stepanovaa –Ω–∞ —ç—Ç–æ—Ç —Ä–∞–∑ –ª–µ–≥–∏–æ–Ω–µ—Ä–∞–º–∏ –∫ –ª—é–±–∏–º—ã–º ""48 –±–µ–∑ –æ–¥–Ω–æ–π""
1 –º–µ—Å—Ç–æ –ø–æ —á—Ç–æ?–≥–¥–µ?–∫–æ–≥–¥–∞? –∏ –≤—Ç–æ—Ä–æ–µ –≤ –æ–±—â–µ–º –∑–∞—á—ë—Ç–µ (—Å –º–µ–¥–∏–∞-–∏–≥—Ä–∞–º–∏)
–ü–æ–±–µ–¥–∞ –æ—á–µ–Ω—å –ø—Ä–∏—è—Ç–Ω–∞, –Ω–æ –∑–∞–ø–æ–º–Ω–∏—Ç—Å—è, –∫–æ–Ω–µ—á–Ω–æ, –Ω–µ –æ–Ω–∞, –∞ —á—É–º–æ–≤–∞—è –¥—Ä—É–∂–µ—Å–∫–∞—è –∞—Ç–º–æ—Å—Ñ–µ—Ä–∞ üíõ
#—á–µ–º–ø–∏–æ–Ω—ã #–ö–æ–ª–æ–º–Ω–∞ #–∏–Ω—Ç–µ–ª–ª–µ–∫—Ç—É–∞–ª—å–Ω—ã–µ–∏–≥—Ä—ã #russia #chgk –°–Ω–æ–≤–∞ –≤ –ö–æ–ª–æ–º–Ω–µ —Å sofya_stepanovaa –Ω–∞ —ç—Ç–æ—Ç —Ä–∞–∑ –ª–µ–≥–∏–æ–Ω–µ—Ä–∞–º–∏ –∫ –ª—é–±–∏–º—ã–º ""48 –±–µ–∑ –æ–¥–Ω–æ–π""
1 –º–µ—Å—Ç–æ –ø–æ —á—Ç–æ?–≥–¥–µ?–∫–æ–≥–¥–∞? –∏ –≤—Ç–æ—Ä–æ–µ –≤ –æ–±—â–µ–º –∑–∞—á—ë—Ç–µ (—Å –º–µ–¥–∏–∞-–∏–≥—Ä–∞–º–∏)
–ü–æ–±–µ–¥–∞ –æ—á–µ–Ω—å –ø—Ä–∏—è—Ç–Ω–∞, –Ω–æ –∑–∞–ø–æ–º–Ω–∏—Ç—Å—è, –∫–æ–Ω–µ—á–Ω–æ, –Ω–µ –æ–Ω–∞, –∞ —á—É–º–æ–≤–∞—è –¥—Ä—É–∂–µ—Å–∫–∞—è –∞—Ç–º–æ—Å—Ñ–µ—Ä–∞ üíõ
#—á–µ–º–ø–∏–æ–Ω—ã #–ö–æ–ª–æ–º–Ω–∞ #–∏–Ω—Ç–µ–ª–ª–µ–∫—Ç—É–∞–ª—å–Ω—ã–µ–∏–≥—Ä—ã #russia #chgk –°–Ω–æ–≤–∞ –≤ –ö–æ–ª–æ–º–Ω–µ —Å sofya_stepanovaa –Ω–∞ —ç—Ç–æ—Ç —Ä–∞–∑ –ª–µ–≥–∏–æ–Ω–µ—Ä–∞–º–∏ –∫ –ª—é–±–∏–º—ã–º ""48 –±–µ–∑ –æ–¥–Ω–æ–π""
1 –º–µ—Å—Ç–æ –ø–æ —á—Ç–æ?–≥–¥–µ?–∫–æ–≥–¥–∞? –∏ –≤—Ç–æ—Ä–æ–µ –≤ –æ–±—â–µ–º –∑–∞—á—ë—Ç–µ (—Å –º–µ–¥–∏–∞-–∏–≥—Ä–∞–º–∏)
–ü–æ–±–µ–¥–∞ –æ—á–µ–Ω—å –ø—Ä–∏—è—Ç–Ω–∞, –Ω–æ –∑–∞–ø–æ–º–Ω–∏—Ç—Å—è, –∫–æ–Ω–µ—á–Ω–æ, –Ω–µ –æ–Ω–∞, –∞ —á—É–º–æ–≤–∞—è –¥—Ä—É–∂–µ—Å–∫–∞—è –∞—Ç–º–æ—Å—Ñ–µ—Ä–∞ üíõ
#—á–µ–º–ø–∏–æ–Ω—ã #–ö–æ–ª–æ–º–Ω–∞ #–∏–Ω—Ç–µ–ª–ª–µ–∫—Ç—É–∞–ª—å–Ω—ã–µ–∏–≥—Ä—ã #russia #chgk –û–±–æ–∂–∞–µ–º—ã–µ –≤—Å—Ç—Ä–µ—á–∏ —Å –õ–∏–∑–æ–π, –∫–æ–≥–¥–∞ –æ–Ω–∞ –≤–¥—Ä—É–≥ –æ–∫–∞–∑—ã–≤–∞–µ—Ç—Å—è –≤ –ú–æ—Å–∫–≤–µ - —ç—Ç–æ –ª—É—á—à–µ–µ üíô
#friendship #friends #oldfriends #moscow #zaryadye #smile #sunday #evening #russia #lovelyrussia –ó–∞—Ä–∞–±–∞—Ç—ã–≤–∞–µ–º –≤–æ—Å–ø–æ–º–∏–Ω–∞–Ω–∏—è, –æ–±—ã–≥—Ä—ã–≤–∞–µ–º –ø—Ä–µ–ø–æ–¥–∞–≤–∞—Ç–µ–ª–µ–π –≤ –ß–ì–ö. –õ—é–±–æ–≤—å –∫ –ª–∏—Ü–µ–π—Å–∫–æ–º—É –∏–Ω—Ç–µ–ª–ª–µ–∫—Ç—É–∞–ª—å–Ω–æ–º—É –∫–ª—É–±—É –¥–∞—ë—Ç –Ω–∞–º –∏ —Ä–æ–º–∞–Ω—Ç–∏–∫—É, –∏ —Ç–µ–ø–ª–æ, –∏ —Ä–∞–¥–æ—Å—Ç—å –≤—Å—Ç—Ä–µ—á.
–ù–∞ –≤—Ç–æ—Ä–æ–º —Ñ–æ—Ç–æ —Å–µ—Ä–¥—Ü–µ –∫–æ–º–∞–Ω–¥—ã ""–£–±–∏–π—Ü—ã –≤–æ–ª–∫–æ–≤"" - –æ–¥–∏–Ω–Ω–∞–¥—Ü–∞—Ç–∏–∫–ª–∞—Å—Å–Ω–∏–∫–∏, —É–∂–µ –Ω–∞—á–∏–Ω–∞—é—â–∏–µ —Å—á–∏—Ç–∞—Ç—å –Ω–µ–¥–µ–ª–∏ –¥–æ —à–∫–æ–ª—å–Ω–æ–≥–æ —á–µ–º–ø–∏–æ–Ω–∞—Ç–∞ –†–æ—Å—Å–∏–∏.
–ê –¥–∞–ª—å—à–µ –Ω–∞—à–∏ –º–µ–¥–∞–ª—å–∫–∏ —Å –≤–æ—Ä–æ–Ω—ë–Ω–∫–∞üôÇ
#–ª–∏—Ü–µ–π–Ω–∏—É–≤—à–µ #–ª–∏—Ü–µ–π #hselyseum #hse #14—Ñ–µ–≤—Ä–∞–ª—è #dreamteam #chgk #friendship #friends #togatherforever #school #schoolfriends #smiles –ó–∞—Ä–∞–±–∞—Ç—ã–≤–∞–µ–º –≤–æ—Å–ø–æ–º–∏–Ω–∞–Ω–∏—è, –æ–±—ã–≥—Ä—ã–≤–∞–µ–º –ø—Ä–µ–ø–æ–¥–∞–≤–∞—Ç–µ–ª–µ–π –≤ –ß–ì–ö. –õ—é–±–æ–≤—å –∫ –ª–∏—Ü–µ–π—Å–∫–æ–º—É –∏–Ω—Ç–µ–ª–ª–µ–∫—Ç—É–∞–ª—å–Ω–æ–º—É –∫–ª—É–±—É –¥–∞—ë—Ç –Ω–∞–º –∏ —Ä–æ–º–∞–Ω—Ç–∏–∫—É, –∏ —Ç–µ–ø–ª–æ, –∏ —Ä–∞–¥–æ—Å—Ç—å –≤—Å—Ç—Ä–µ—á.
–ù–∞ –≤—Ç–æ—Ä–æ–º —Ñ–æ—Ç–æ —Å–µ—Ä–¥—Ü–µ –∫–æ–º–∞–Ω–¥—ã ""–£–±–∏–π—Ü—ã –≤–æ–ª–∫–æ–≤"" - –æ–¥–∏–Ω–Ω–∞–¥—Ü–∞—Ç–∏–∫–ª–∞—Å—Å–Ω–∏–∫–∏, —É–∂–µ –Ω–∞—á–∏–Ω–∞—é—â–∏–µ —Å—á–∏—Ç–∞—Ç—å –Ω–µ–¥–µ–ª–∏ –¥–æ —à–∫–æ–ª—å–Ω–æ–≥–æ —á–µ–º–ø–∏–æ–Ω–∞—Ç–∞ –†–æ—Å—Å–∏–∏.
–ê –¥–∞–ª—å—à–µ –Ω–∞—à–∏ –º–µ–¥–∞–ª—å–∫–∏ —Å –≤–æ—Ä–æ–Ω—ë–Ω–∫–∞üôÇ
#–ª–∏—Ü–µ–π–Ω–∏—É–≤—à–µ #–ª–∏—Ü–µ–π #hselyseum #hse #14—Ñ–µ–≤—Ä–∞–ª—è #dreamteam #chgk #friendship #friends #togatherforever #school #schoolfriends #smiles –ó–∞—Ä–∞–±–∞—Ç—ã–≤–∞–µ–º –≤–æ—Å–ø–æ–º–∏–Ω–∞–Ω–∏—è, –æ–±—ã–≥—Ä—ã–≤–∞–µ–º –ø—Ä–µ–ø–æ–¥–∞–≤–∞—Ç–µ–ª–µ–π –≤ –ß–ì–ö. –õ—é–±–æ–≤—å –∫ –ª–∏—Ü–µ–π—Å–∫–æ–º—É –∏–Ω—Ç–µ–ª–ª–µ–∫—Ç—É–∞–ª—å–Ω–æ–º—É –∫–ª—É–±—É –¥–∞—ë—Ç –Ω–∞–º –∏ —Ä–æ–º–∞–Ω—Ç–∏–∫—É, –∏ —Ç–µ–ø–ª–æ, –∏ —Ä–∞–¥–æ—Å—Ç—å –≤—Å—Ç—Ä–µ—á.
–ù–∞ –≤—Ç–æ—Ä–æ–º —Ñ–æ—Ç–æ —Å–µ—Ä–¥—Ü–µ –∫–æ–º–∞–Ω–¥—ã ""–£–±–∏–π—Ü—ã –≤–æ–ª–∫–æ–≤"" - –æ–¥–∏–Ω–Ω–∞–¥—Ü–∞—Ç–∏–∫–ª–∞—Å—Å–Ω–∏–∫–∏, —É–∂–µ –Ω–∞—á–∏–Ω–∞—é—â–∏–µ —Å—á–∏—Ç–∞—Ç—å –Ω–µ–¥–µ–ª–∏ –¥–æ —à–∫–æ–ª—å–Ω–æ–≥–æ —á–µ–º–ø–∏–æ–Ω–∞—Ç–∞ –†–æ—Å—Å–∏–∏.
–ê –¥–∞–ª—å—à–µ –Ω–∞—à–∏ –º–µ–¥–∞–ª—å–∫–∏ —Å –≤–æ—Ä–æ–Ω—ë–Ω–∫–∞üôÇ
#–ª–∏—Ü–µ–π–Ω–∏—É–≤—à–µ #–ª–∏—Ü–µ–π #hselyseum #hse #14—Ñ–µ–≤—Ä–∞–ª—è #dreamteam #chgk #friendship #friends #togatherforever #school #schoolfriends #smiles –§–æ–Ω—Ç–∞–Ω –ü–∏—Ä–∞–º–∏–¥–∞ –≤ –ü–µ—Ç–µ—Ä–≥–æ—Ñ–µ –†–´—á–∞—â–∏–π –¥–†–ê–∫–æ–Ω, –ø–†–ò—à–µ–¥—à–∏–π –Ω–∞ –∫–†–ï–π—Å–µ—Ä –ê–≤–†–û–†–ê, —Å–æ–∂–†–ê–ª —Ö–∏–†–£—Ä–≥–∞ –í –∫–∞–±–∏–Ω–∫–µ –∫–æ–ª–µ—Å–∞ –æ–±–æ–∑—Ä–µ–Ω–∏—è –≤ –ø–∞—Ä–∫–µ –∞—Ç—Ç—Ä–∞–∫—Ü–∏–æ–Ω–æ–≤ –Ω–∞ –ö—Ä–µ—Å—Ç–æ–≤—Å–∫–æ–º –æ—Å—Ç—Ä–æ–≤–µ –ö—Ä–µ–π—Å–µ—Ä –ê–≤—Ä–æ—Ä–∞ –ù–∞—Å—Ç—è –∏ –°–µ—Ä–µ–∂–∞ –≤ –ê–ª–µ–∫—Å–∞–Ω–¥—Ä–æ–≤—Å–∫–æ–º —Å–∞–¥—É –ù–∞ –º–æ—Å—Ç—É –Ω–∞–¥ –ö—Ä–æ–Ω–≤–µ—Ä–∫—Å–∫–∏–º –ø—Ä–æ–ª–∏–≤–æ–º –£—Ç–µ–ø–ª–∏–ª–∏—Å—å –¥–ª—è —ç–∫—Å–∫—É—Ä—Å–∏–∏ –ø–æ –∫–∞–Ω–∞–ª–∞–º    –∫–∞–Ω–∞–ª –ì—Ä–∏–±–æ–µ–¥–æ–≤–∞ –Ω–∞–±–µ—Ä–µ–∂–Ω–∞—è —Ä–µ–∫–∏ –§–æ–Ω—Ç–∞–Ω–∫–∏            –Ω–∞ —Ñ–æ–Ω–µ –≠–∫–æ-–±–µ—Ä–µ–≥–∞    –°–µ–≤–µ—Ä–Ω—ã–π –†–µ—á–Ω–æ–π –≤–æ–∫–∑–∞–ª     –¥–µ—Ä–µ–≤—å—è –∏–∑ –∞–¥–∞  –∫–∞–Ω–∞–ª  —è —Ç—É—Ç –≤–µ—Ç–µ—Ä –ø—Ä–∏–∑—ã–≤–∞—é   –¢–µ–∞—Ç—Ä –ì–ª–æ–±—É—Å    –ë—É–≥—Ä–∏–Ω—Å–∫–∏–π –º–æ—Å—Ç   –í–æ–∫–∑–∞–ª –ù–æ–≤–æ—Å–∏–±–∏—Ä—Å–∫-–ì–ª–∞–≤–Ω—ã–π                             –ü–æ—á—Ç–∏ –ø–æ–ª–Ω—ã–º —Å–æ—Å—Ç–∞–≤–æ–º                                 –ë–µ—Å–ø–æ–¥–æ–±–Ω–∞—è –∫–æ–ª–æ—Ä–∏—Ç–Ω–∞—è –∫–ª—é–∫–∞, –∫–æ—Ç–æ—Ä–∞—è –ø–æ–º–æ–≥–∞–ª–∞ –Ω–æ—Å–∏—Ç—å –º–æ–∏ —Å—Ç–∞—Ä—á–µ—Å–∫–∏–µ –∫–æ—Å—Ç—è—à–∫–∏  –û–±—Ä–∞–∑ —á—É—Ç—å –≤—ã–ø–∏–≤–∞—é—â–µ–π –¥–µ–≤–∏—Ü—ã –ø–æ–ª—É—á–∏–ª—Å—è —É–∂ –æ—á–µ–Ω—å —Ä–æ–º–∞–Ω—Ç–∏—á–Ω—ã–º –∏ –≤–∞–º–ø–∏—Ä—Å–∫–∏–º –° –∫—Ä–∞—Å–Ω—ã–º–∏ –¥–µ–≤–∏—Ü–∞–º–∏ –ù–µ–∞–¥–µ–∫–≤–∞—Ç –ê–¥–µ–∫–≤–∞—Ç        –ö–ª–µ–Ω–æ–≤—ã–π –±—É–∫–µ—Ç       –í–µ–ª–∏–∫–æ–ª–µ–ø–Ω—ã–π –∫–∞–Ω–∞–ª –∏–º–µ–Ω–∏ –ú–æ—Å–∫–≤—ã  –ú–µ—á—Ç–∞—Ç–µ–ª—å–Ω–∞—è   –°–º–æ—Ç—Ä–∏—Ç, –Ω–æ –Ω–µ –≤–∏–¥–∏—Ç...        –í–∑—Ä–æ—Å–ª–∞—è —Ç–∞–∫–∞—è —Ç—É—Ç.          –ú–∏–ª–µ–π—à–µ–µ                             –°–æ–∫ –í–∏–Ω–æ–≥—Ä–∞–¥–Ω—ã–π                                                        "	0.0	32.375	190397546	0	0	0
367	3	10	4	3.3333333333333335	3.0	1.5	0	0	0.0	0.0	  	0.0	3.0	375939817	0	0	0
368	27	2249	170	83.29629629629629	79.0	3.0	0	0	0.0	0.0	                          	0.0	9.0	250894158	0	0	0
369	21	1821	143	86.71428571428571	95.0	2.625	1	1	0.047619047619047616	0.0	61117 22819  15718 171117                	0.0	2.625	157902344	0	0	0
370	2	111	57	55.5	55.5	1.0	0	0	0.0	0.0	 	0.0	2.0	151937387	0	0	0
371	27	1364	91	50.51851851851852	54.0	2.4545454545454546	0	0	0.0	0.0	                    Original: https://41.media.tumblr.com/8c9bda5fb0461d0d9c78dd400a4dd4f1/tumblr_o0123s3wBG1s4yeiqo4_1280.jpg Original: https://40.media.tumblr.com/5e9f689cdd5dea63ddcb03a075a56138/tumblr_o0123s3wBG1s4yeiqo3_1280.jpg Original: https://41.media.tumblr.com/5bf845ffc903f277abe6bf5681c03f3c/tumblr_o0123s3wBG1s4yeiqo2_1280.jpg Original: https://41.media.tumblr.com/db19a6d041925b1674864e316e56be5b/tumblr_o0123s3wBG1s4yeiqo1_1280.jpg Original: http://cs7004.vk.me/v7004966/1282b/wBZ0HO4nZMw.jpg  	0.0	5.4	101779603	0	5	0
372	100	3999	159	39.99	37.0	8.333333333333334	2	2	0.02	0.0	       –ù–µ –≤–µ—Ä–∏—Ç—Å—è, —á—Ç–æ –≤—Å–µ –∑–∞–∫–æ–Ω—á–∏–ª–æ—Å—å. –ö–∞–∑–∞–ª–æ—Å—å, –º—ã –±—É–¥–µ–º –≤—Å–µ–≥–¥–∞ –≤–º–µ—Å—Ç–µ –≤ —Å—Ç–µ–Ω–∞—Ö –Ω–∞—à–µ–π —à–∫–æ–ª—ã. –Ø –±—É–¥—É –æ—á–µ–Ω—å —Å–∫—É—á–∞—Ç—å. –í—Å–µ—Ö –ª—é–±–ª—é‚ù§Ô∏è    –•–æ—á–µ—Ç—Å—è —Ç–µ–ø–ª–∞‚òÄÔ∏è                  The best is yet to comeüíé  üåü                                             #–≤–¥–Ω—Ö   #–≥–æ–ª—É–±—ã–µ_–≤–æ–ª–æ—Å—ã                    	0.0	12.5	136039786	0	0	0
373														105772542.0			
374	115	11900	545	103.47826086956522	77.0	9.583333333333334	27	8	0.23478260869565218	0.0	                                                                                                                  	0.0	23.0	185732469	0	0	0
375	54	394	38	7.296296296296297	5.0	5.4	0	0	0.0	0.0	                                                     	0.0	7.714285714285714	211796779	0	0	0
376	4	108	46	27.0	25.0	1.0	0	0	0.0	0.0	   	0.0	1.3333333333333333	206571161	0	0	0
377	4	106	61	26.5	16.5	1.0	0	0	0.0	0.0	   	0.0	2.0	495099507	0	0	0
378	13	922	146	70.92307692307692	73.0	1.4444444444444444	0	0	0.0	0.0	            	0.0	3.25	220392036	0	0	0
379	18	67	19	3.7222222222222223	1.5	3.6	1	1	0.05555555555555555	0.0	                 	0.0	18.0	559367615	0	0	0
380														137254710.0			
381	4	250	77	62.5	64.0	1.0	0	0	0.0	0.0	   	0.0	1.3333333333333333	152553943	0	0	0
382	23	2164	154	94.08695652173913	98.0	2.090909090909091	0	0	0.0	0.0	  vk.com/art_kroshka                    	0.0	5.75	69156840	0	1	0
383	10	344	95	34.4	24.0	2.0	0	0	0.0	0.0	         	0.0	5.0	148000938	0	0	0
384	8	49	9	6.125	6.0	1.1428571428571428	0	0	0.0	0.0	       	0.0	2.6666666666666665	112756403	0	0	0
385	3	122	49	40.666666666666664	37.0	1.0	0	0	0.0	0.0	  	0.0	3.0	315294127	0	0	0
386	33	1131	61	34.27272727272727	32.0	3.0	0	0	0.0	0.0	                                	0.0	8.25	292585247	0	0	0
387	5	168	76	33.6	28.0	1.25	0	0	0.0	0.0	    	0.0	2.5	217026680	0	0	0
388	1	10	10	10.0	10.0	1.0	0	0	0.0	0.0		0.0	1.0	173824541	0	0	0
389	18	763	139	42.388888888888886	32.5	2.25	0	0	0.0	0.0	  Original: https://pp.userapi.com/c851436/v851436888/13a9/Cq39fpqvWjY.jpg               	0.0	4.5	177893285	0	1	0
390	7	120	48	17.142857142857142	12.0	1.75	0	0	0.0	0.0	      	0.0	3.5	184368713	0	0	0
391	174	2962	141	17.022988505747126	13.0	14.5	2	1	0.011494252873563218	0.0	"   –ï—Å–ª–∏ —Ç—ã –∂–¥—ë—à—å, —á—Ç–æ –∫—Ç–æ-—Ç–æ –ø—Ä–∏–º–µ—Ç —Ç–µ–±—è ""—Ç–∞–∫–∏–º, –∫–∞–∫ —Ç—ã –µ—Å—Ç—å"", —Ç–æ —Ç—ã –ø—Ä–æ—Å—Ç–æ –ª–µ–Ω–∏–≤–æ–µ –º—É–¥–ª–æ. –ü–æ—Ç–æ–º—É —á—Ç–æ, –∫–∞–∫ –ø—Ä–∞–≤–∏–ª–æ, ""—Ç–∞–∫–æ–π, –∫–∞–∫ –µ—Å—Ç—å"" ‚Äî –∑—Ä–µ–ª–∏—â–µ –ø–µ—á–∞–ª—å–Ω–æ–µ. –ú–µ–Ω—è–π—Å—è, —Å–∫–æ—Ç–∏–Ω–∞. –†–∞–±–æ—Ç–∞–π –Ω–∞–¥ —Å–æ–±–æ–π. –ò–ª–∏ —Å–¥–æ—Ö–Ω–∏ –≤ –æ–¥–∏–Ω–æ—á–µ—Å—Ç–≤–µ. 
–§.–†–∞–Ω–µ–≤—Å–∫–∞—è   –•—É –∏–∑ —Å–µ–∫—Å–∏ —Ñ—Ä–∞—É üíï –•—É –∏–∑ —Å–µ–∫—Å–∏ —Ñ—Ä–∞—É üíï –î–∞–≤–Ω–æ –Ω–µ –±—ã–ª–æ —Ñ–æ—Ç–æ–∫, –ø–æ—ç—Ç–æ–º—É –ø—É—Å—Ç—å –±—É–¥–µ—Ç —ç—Ç–∞ –∫–∞–∫ –Ω–∞–ø–æ–º–∏–Ω–∞–Ω–∏–µ –æ –Ω–æ—á–Ω—ã—Ö —Ä–∞–∑–≥–æ–≤–æ—Ä–∞—Öüíï My loveüçë    –£–±–µ—Ä–∏—Ç–µ –æ—Ç —ç–∫—Ä–∞–Ω–∞ –¥–µ—Ç–µ–π –∏ –±–µ—Ä–µ–º–µ–Ω–Ω—ã—Ö –∂–µ–Ω—â–∏–Ω ü§∑üèº‚Äç‚ôÄÔ∏è –•—Ä–æ–Ω–∏–∫–∏ –ü–∏—Ç–µ—Ä–∞ –•—Ä–æ–Ω–∏–∫–∏ –ü–∏—Ç–µ—Ä–∞ –•—Ä–æ–Ω–∏–∫–∏ –ü–∏—Ç–µ—Ä–∞  –í–µ—Ä–Ω–∏—Ç–µ –≤ —Ç—ë–ø–ª–æ–µ –ª–µ—Ç–æ –Ω–∞ –¥–∞—á–∫—É –ø–ª–∑üôÇ –§–æ—Ç–æ—á–∫–∞, –∞ –Ω–∞ –Ω–µ–π –∫—Ä–∞—Å–æ—Ç–æ—á–∫–∞üòÇ ‚ù§Ô∏è‚ù§Ô∏è‚ù§Ô∏è –£ —Ç–µ–±—è –≤ –∏–Ω—Ç–µ—Ä–Ω–µ—Ç–µ –¥–æ—Ñ–∏–≥–∞ –¥—Ä—É–∑–µ–π, –Ω–æ –∫–æ–≥–¥–∞ –ø—Ä–∞–≤–¥–∞ —Ö—Ä–µ–Ω–æ–≤–æ, —Å–∫–∞–∂–∏, –≥–¥–µ –æ–Ω–∏ –≤—Å–µ? –¢–µ—Ñ—Ç–µ–ª—å–∫–∞‚ù§Ô∏è  –°–æ–Ω 24/7 –∫–∞–∫ —Å—Ç–∏–ª—å –∂–∏–∑–Ω–∏ü§© –ö—Ä–∞—Å–æ—Ç–∞ - —Å—Ç—Ä–∞—à–Ω–∞—è —Å–∏–ª–∞ (–ø–æ –ª–∏—á–∏–∫—É –±–æ–ª—å–Ω–æ —É–¥–∞—Ä–∏–ª–∞ –∫–æ–≥–¥–∞-—Ç–æ, –Ω—É –ø–æ—Å—Å–æ—Ä–∏–ª–∏—Å—å —á–æ) Easy come, easy goüåä üåûüê∞   ‚ù§Ô∏è –í–µ—Å–Ω–∞ - –≤—Ä–µ–º—è –ø–µ—Ä–µ–º–µ–ΩüôÇ  ‚úàÔ∏è‚úàÔ∏è‚úàÔ∏è Laughing on the outside, crying on the insideüëåüèª ‚ù§Ô∏èWith her time goes slower‚ù§Ô∏è  –†–µ–±—ë–Ω–æ–∫ —Å—á–∞—Å—Ç–ª–∏–≤üôà –†–µ–±—ë–Ω–æ–∫ —Å—á–∞—Å—Ç–ª–∏–≤üôà –†–µ–±—ë–Ω–æ–∫ —Å—á–∞—Å—Ç–ª–∏–≤üôà Family warmüéÑ üêæüåÉ  –ü–æ—Ö–µ—Ä, —Ç–∞–Ω—Ü—É–π—Ç–µüéÜ  –° –ª—é–±–∏–º—ã–º–∏ –Ω–µ —Ä–∞—Å—Å—Ç–∞–≤–∞–π—Ç–µ—Å—å, –≤—Å–µ–π –∫—Ä–æ–≤—å—é –ø—Ä–æ—Ä–∞—Å—Ç–∞–π—Ç–µ –≤ –Ω–∏—Ö.
–ò –∫–∞–∂–¥—ã–π —Ä–∞–∑ –Ω–∞–≤–µ–∫ –ø—Ä–æ—â–∞–π—Ç–µ—Å—å, –∫–æ–≥–¥–∞ —É—Ö–æ–¥–∏—Ç–µ –Ω–∞ –º–∏–≥üçÇ  –•–æ—á—É —É–µ—Ö–∞—Ç—å —Ç—É–¥–∞, –∫—É–¥–∞ —Ç—è–Ω–µ—Ç—Å—è –¥—É—à–∞üó∫üõ©üé° –ù–µ –≤—ã–¥—É–º—ã–≤–∞–πüåïüåóüåë  ¬´–£ –º–µ–Ω—è –≤—Å—ë —Ö–æ—Ä–æ—à–æ¬ª: –≥–æ–≤–æ—Ä–∏–ª–∞ —è.üåû Autumn is comingüçÇ –Ø —Ç–æ–±–∏ –ª—É–±–ª—É‚ù§Ô∏èüî• –ú—ã —Ä–æ–∂–¥–µ–Ω—ã, —á—Ç–æ–±—ã —Å–∫–∞–∑–∫—É —Å–¥–µ–ª–∞—Ç—å –±—ã–ª—å—é. –≠—Ç–æ –≤—Å—ë –¥–∏–∫–æ, –Ω–∞–ø—Ä–∏–º–µ—Ä. Call me on my sell phone üíû    #—è—Ä–∫–æ–µ–ª–µ—Ç–æ–¥–ª—è—Ç–µ–±—è üôÉ –ú–µ–¥–ª—è—á–æ–∫, —á—Ç–æ–±—ã —Ç—ã –∑–∞–ø–ª–∞–∫–∞–ª–∞üíï –°–µ–π—á–∞—Å –º–µ–ª–æ—á–∏ –∫–∞–∂—É—Ç—Å—è –≤–∞–º —Å–∫—É—á–Ω—ã–º–∏, –Ω–æ, –º–æ–∂–µ—Ç, –≤—ã –µ—â—ë –Ω–µ –∑–Ω–∞–µ—Ç–µ –∏–º —Ü–µ–Ω—ã, –Ω–µ —É–º–µ–µ—Ç–µ –Ω–∞—Ö–æ–¥–∏—Ç—å –≤ –Ω–∏—Ö –≤–∫—É—Å? #–±–µ–∑—Ñ–∏–ª—å—Ç—Ä–æ–≤  –†–µ–ª–∞–∫—Å–∏—Ä—É–µ–º, –¥—ã—à–∏–º –≥–æ—Ä–Ω—ã–º —á–∏—Å—Ç—ã–º –≤–æ–∑–¥—É—Ö–æ–º: –∫–∞–π—Ñ...  –ù–∞—Å—Ç—É–ø–∏—Ç —Ç–æ—Ç –º–æ–º–µ–Ω—Ç, –∫–æ–≥–¥–∞ –∏ –∞—Ç–µ–∏—Å—Ç –ø–æ–º–æ–ª–∏—Ç—Å—è. –£ –º–æ–µ–≥–æ –ê–º—É—Ä–∞ –Ω–µ —Å—Ç—Ä–µ–ª—ã, –∞ –ø—É–ª–∏. –¢—ã –Ω–µ –ø–æ—á—É–≤—Å—Ç–≤—É–µ—à—å –±–æ–ª–∏. –°–æ–Ω, —Ç—ã –∞—Ö—É–µ–ª? ‚ù§Ô∏è‚ù§Ô∏è‚ù§Ô∏è –ë–µ—Å—Å–æ–Ω–Ω–∏—Ü—ã –ø–æ—Å—Çüåö üíÅüèΩ –ö–æ–≥–¥–∞ —Ä–∞–¥—É—é—Ç —Ñ–æ—Ç–æ—á–∫–∞–º–∏‚ù§Ô∏è‚ò∫Ô∏è @nikita.msc –ú–Ω–µ —Å —Ç–æ–±–æ—é —Ç–µ–ø–ª–æüî•   –ë–µ—Å—Å–æ–Ω–Ω–∏—Ü–∞ ‚ù§Ô∏èÔ∏èüôà My true ‚ù§Ô∏è üåÉ‚ù§Ô∏è ‚ù§Ô∏è‚ù§Ô∏è‚ù§Ô∏è‚ù§Ô∏è –ú—ã–ª—å—Ü–æ‚ù§Ô∏è  –ü—Ä–æ–≥—É–ª–æ—á–∫–∏ ‚ù§Ô∏è. Ph. - @sugar_glass25 –í–∏—Ä—Ç—É–∞–ª—å–Ω–∞—è –ø—Ä–æ–≥—É–ª–∫–∞ –ø–æ –ú–æ—Å–∫–≤–µ –æ—Ç @nikita.msc üëåüèªüòÇ –¢—É—Å–∏–∏–∏–∏–º –ö–æ–≥–¥–∞ –°–∞–Ω—è –∑–∞–¥–µ–ª–∞–ª—Å—è —á–∞—Å—Ç–Ω—ã–º —Ç–∞—Ç—É–∏—Ä–æ–≤—â–∏–∫–æ–ºüòÑüôà –Ø –ø–æ–¥–∞—Ä—é —Ç–µ–±–µ –≥–∞–Ω–¥–∂–∞ –∏ –Ω–∞—É—á—É —Ç–µ–±—è —Å–º–µ—è—Ç—å—Å—èü¶Ñüåö –î–∞–∂–µ –∫–æ—Ç—ã –ø–æ–º–æ–≥–∞—é—Ç –¥–µ–ª–∞—Ç—å —Ä–µ–º–æ–Ω—Çüê±üöõüî® –í–µ—Ä–Ω–∏—Ç–µ –º–Ω–µ —Ç—É –≤–µ—Å–Ω—É, –ø–ª–µ—Åüå¨  –ò –µ—Å–ª–∏ —è –≥–æ—Ä–µ–ª –≤ –∞–¥—É, —Ç–æ –æ–Ω –º–µ–Ω—è —Å–æ–≥—Ä–µ–ªüòà     üëØüê∞üêá –ü—Ä–æ—â–∞–π, –ò–Ω–¥–∏—èüåÑ‚ù§Ô∏è üåÑüññüèª  –°–æ–ª–Ω—Ü–µ —Å–≤–µ—Ç–∏—Ç –≤—Å–µ–º –æ–¥–∏–Ω–∞–∫–æ–≤–æ üåûüåÑ    –ö–æ–≥–¥–∞ —É–º–∏—Ä–∞–µ—à—å —Å–æ —Å–∫—É–∫–∏        –Ø –Ω–µ–Ω–∞–≤–∏–∂—É —Ç–µ–±—è, –ø–æ–¥–æ–π–¥–∏ –∂–µ –ø–æ–±–ª–∏–∂–µ. –ú–µ—á—Ç–∞—Ç—å –≤—Ä–µ–¥–Ω–æ. –¢—ã –∑–Ω–∞–µ—à—å –∏ —è –∑–Ω–∞—é - –º–µ—á—Ç–∞—Ç—å –≤—Ä–µ–¥–Ω–æ.    üòΩ‚ù§Ô∏è –ü—Ä–æ–µ–∑–∂–∞—Ç—å –æ—Å—Ç–∞–Ω–æ–≤–∫–∏ ‚Äì –º—ã –Ω–∞—Ä–æ—á–Ω–æ –ø–æ–¥–æ–ª—å—à–µüåÉüå† –ù–∞ 11 —ç—Ç–∞–∂–µ –º–æ–µ–π –¥–µ–≤—è—Ç–∏—ç—Ç–∞–∂–∫–∏‚ú®     –ù–∞–≤–µ—Ä–Ω–æ–µ, —ç—Ç–æ –ª—é–±–æ–≤—å, –¥–µ—Ç–∫–∞‚ù§Ô∏è –ö–∞–∫ –∏—Ö—Ç–∏–∞–Ω–¥—Ä –≤ –ª–∞—Å—Ç–∞—Ö,
–ö–∞–∫ –ø–æ –µ–±–∞–ª—É –ø–∞—Å—Ç–æ–π, 
–Ø –ª–∞—Å–∫–æ–≤—ã–π, –ª–∏—à—å –ø–æ—Ç–æ–º—É —á—Ç–æ —è —Å—Ç–∏—Ä–∞—é –ª–∞—Å–∫–æ–π        –ü—Ä–æ—Å—Ç—ã–º –≤–∑–º–∞—Ö–æ–º –ø–∞–ª–∫–∏ –≥–æ–≤–Ω–∏—â–µ –≤ —Ü–≤–µ—Ç—ã.  –ö–∞–µ—ÑüåÑüññüèªüíõ                –ù–µ–º–Ω–æ–≥–æ –≤–¥–æ—Ö–Ω–æ–≤–µ–Ω–∏—è –ñ–µ–ª–µ–∑–Ω—ã–º —á–µ–ª–æ–≤–µ–∫–æ–º...     –ù–∞—à –¥–æ–º–∏–∫ –≤ –õ—É–∫–∏–Ω–æ,  –≤–∏–¥ –∏–∑ –Ω–µ–≥–æ ‚Äì –ø—Ä–µ–ª–µ—Å—Ç—å. 
#—è–±–∂–∏–ª–∞ N.O.H.A. –Ω–∞ –î–∏–∫–æ–π –ú—è—Ç–µ)
üòçüòù  –í–∏—Ç—Ä–∞–∂ –≤ –æ–¥–Ω–æ–º –∏–∑ –æ–∫–æ–Ω —É—Å–∞–¥—å–±—ã –ê.–ü.–ß–µ—Ö–æ–≤–∞ –≤ –ú–µ–ª–∏—Ö–æ–≤–æ, –æ—á–µ–Ω—å –≤–ø–µ—á–∞—Ç–ª—è–µ—Ç) –¢–æ—à–µ–Ω—å–∫–∞)) –•–æ—Ä–æ—à–∏—Ö –∫–æ—Ç–æ–≤ –º–Ω–æ–≥–æ –Ω–µ –±—ã–≤–∞–µ—Ç, –Ω—É –≤—ã –ø–æ–Ω—è–ª–∏) –õ–µ—Ç—Å –¥—É –∏—Çüò≤üòé –ú–æ—è —Å—Ä–∏—Å–æ–≤–∫–∞ —Å–æ —Å—Ä–∏—Å–æ–≤–∫–∏, —è —á–µ—Ä—Ç–æ–≤ –≥–µ–Ω–∏–π)üòä –ù–µ–º–Ω–æ–∂–∫–æ —É–∫—É—Ä–µ–Ω–Ω–∞—è –î–∞—Ä–∏–Ω–∞))) üëªüëå      #–ø—Ä–æ–±—É–∂–¥–µ–Ω–∏–µ My antiselfie. Date: 20/12/2014 Time: 18:27:30:58 #slmmsk @slmmsk #—Å–µ–ª—Ñ–∏#—Å–≤–µ—Ç—è—â–∏–π—Å—è_–æ–ª–µ–Ω—å#–¢–≤–µ—Ä—Å–∫–æ–π_–±—É–ª—å–≤–∞—Ä#–Ω–æ—á—å #coloredmyhairüòùüòù "	2.0	29.0	176014384	0	0	0
392	72	781	50	10.847222222222221	6.0	8.0	0	0	0.0	0.0	                                                                       	0.0	9.0	184183683	0	0	0
393														198577196.0			
394														104937912.0			
395	2	123	77	61.5	61.5	1.0	0	0	0.0	0.0	 	0.0	1.0	110511102	0	0	0
396	10	599	162	59.9	33.5	2.5	0	0	0.0	0.0	         	0.0	5.0	155599164	0	0	0
397	32	704	73	22.0	10.5	3.2	0	0	0.0	0.0	                               	0.0	6.4	192463289	0	0	0
398	10	525	91	52.5	50.0	1.6666666666666667	0	0	0.0	0.0	         	0.0	2.5	96425290	0	0	0
399	36	480	96	13.333333333333334	7.0	3.0	0	0	0.0	0.0	                                   	0.0	9.0	279364499	0	0	0
400	10	468	163	46.8	26.5	1.6666666666666667	0	0	0.0	0.0	         	0.0	3.3333333333333335	64209341	0	0	0
401	3	79	27	26.333333333333332	26.0	1.5	0	0	0.0	0.0	  	0.0	1.5	154385909	0	0	0
402	60	2822	484	47.03333333333333	5.0	5.0	1	1	0.016666666666666666	0.0	                                                           	0.0	7.5	173547701	0	0	0
403	11	431	123	39.18181818181818	29.0	1.5714285714285714	0	0	0.0	0.0	          	0.0	3.6666666666666665	201611256	0	0	0
404	3	113	74	37.666666666666664	23.0	1.0	2	2	0.6666666666666666	0.0	  	0.0	1.5	212996453	0	0	0
405	4	61	25	15.25	14.5	1.0	0	0	0.0	0.0	   	0.0	1.3333333333333333	239402609	0	0	0
406	2	135	97	67.5	67.5	2.0	0	0	0.0	0.0	 	0.0	1.0	99413510	0	0	0
407														169429823.0			
408	39	600	62	15.384615384615385	7.0	3.9	0	0	0.0	0.0	                                      	0.0	6.5	138390512	0	0	0
409	27	1160	183	42.96296296296296	30.0	3.0	0	0	0.0	0.0	                          	0.0	9.0	267569792	0	0	0
410														156689025.0			
411	29	783	56	27.0	24.0	4.142857142857143	0	0	0.0	0.0	                            	0.0	5.8	196376275	0	0	0
412														63425174.0			
413	3	153	76	51.0	39.0	1.5	0	0	0.0	0.0	  	0.0	1.0	120275241	0	0	0
414	1	84	84	84.0	84.0	1.0	0	0	0.0	0.0		0.0	1.0	213571263	0	0	0
415	5	264	62	52.8	53.0	1.0	0	0	0.0	0.0	    	0.0	1.6666666666666667	173215315	0	0	0
416	6	50	16	8.333333333333334	7.5	1.0	0	0	0.0	0.0	     	0.0	1.5	200993393	0	0	0
417	243	2644	357	10.880658436213992	4.0	20.25	0	0	0.0	0.0	                                                                                                                                                                                                                                                  	0.0	27.0	140505788	0	0	0
418	429	933	39	2.174825174825175	1.0	35.75	1	1	0.002331002331002331	0.0	                                                                                                                                       –û—Ç—ä–µ–∑–¥ –ù–∞—à –∫–æ—Ä–ø—É—Å –ë–ª–∞–≥–æ–≤–µ—Å—Ç –≤—Å–µ –æ–Ω –∂–µ –ö–æ—Ä–ø—É—Å –†–æ–≤–µ—Å–Ω–∏–∫   –ö–æ—Å—Ç—Ä–æ–≤–∞—è   –†–∞–∫–æ–≤–∏–Ω—ã 0–æ0 –°—Ç–æ–ª–æ–≤–∞—è –∏ –∫–æ—Ä–ø—É—Å –º–∞–ª—å—á–∏–∫–æ–≤   –ö–æ—Ä–ø—É—Å –õ–∞—Å—Ç–æ—á–∫–∞)0))    –ü–ª—è–∂ –õ–∞—Å—Ç–æ—á–∫–∏–Ω–æ –ì–Ω–µ–∑–¥–æ  –≠—Ç–æ –ª–µ–±–µ–¥—å –∏ —Å –Ω–∏–º –≤—Å–µ –≤ –ø–æ—Ä—è–¥–∫–µ)0))  –ü–µ—â–µ—Ä–∞ **          –ü–æ—Ç–æ–ª–æ–∫, –∫—Ä–∞—à–µ–Ω–Ω—ã–π –ø–æ–¥ –¥–µ—Ä–µ–≤–æ –∏ —É–∫—Ä–∞—à–µ–Ω–Ω—ã–π –ª–µ–ø–Ω–∏–Ω–æ–π      –í–æ—Ä–æ–Ω—Ü–æ–≤—Å–∫–∏–π –î–≤–æ—Ä–µ—Ü *-*        –ú–∞—Å–∞–Ω–¥—Ä–∞      –ê—é –î–∞–≥       –ú–æ—Ä—Å–∫–∞—è –ø—Ä–æ–≥—É–ª–∫–∞ –≤–¥–æ–ª—å –ì—É—Ä–∑—É—Ñ–∞ –î–æ–º-–º—É–∑–µ–π –ü—É—à–∫–∏–Ω–∞   –ü–æ–¥–≤–æ–¥–Ω–∞—è –ª–æ–¥–∫–∞, –¥–∞ –¥–∞, –æ–Ω–∞ —Ç–∞–º –µ—Å—Ç—å –í–æ–µ–Ω–Ω—ã–µ –∫–æ—Ä–∞–±–ª–∏)0))  –ù–∞—á–∞–ª–æ –ø—Ä–æ–≥—É–ª–∫–∏ –ø–æ —é–∂–Ω–æ–π –±—É—Ö—Ç–µ –°–µ–≤–∞—Å—Ç–æ–ø–æ–ª—è –í–∏–¥ —Å –°–∞–ø—É–Ω-–≥–æ—Ä—ã –Æ–∂–Ω–∞—è –±—É—Ö—Ç–∞)   –¶–µ–Ω—Ç—Ä –°–µ–≤–∞—Å—Ç–æ–ø–æ–ª—è       –•—ç—Ä—Å–æ–Ω—ç—Å                                                  –µ–¥–µ–º –Ω–∞ –º—ã—Å –ö–æ–ª–∏–∞–∫—Ä–∞                                                                                      –ö–∞–º–µ–Ω–Ω—ã–π –õ–µ—Å –†–∞–≤–¥–∞ –∏–¥–µ–º –æ–±—Ä–∞—Ç–Ω–æ –≤ –æ—Ç–µ–ª—å. –†–∞–≤–¥–∞   –ø–µ—Ä–≤—ã–π –ø–æ—Ö–æ–¥ –Ω–∞ –º–æ—Ä–µ –≤–∏–¥ —Å –±–∞–ª–∫–æ–Ω–∞ —Ö–æ—Ç—å –∏ –±–µ–∑ —á–µ–º–æ–¥–∞–Ω–æ–≤, —ç—Ç–æ—Ç –Ω–æ–º–µ—Ä –ª—É—á—à–µ, —á–µ–º –≤ –ø—Ä–æ—à–ª–æ–º –≥–æ–¥—É) –µ–¥–µ–º –≤ –ª–∞–≥–µ—Ä—å –ú—ã –≤ –ë–æ–ª–≥–∞—Ä–∏–∏) –ú–æ—Ä–µ^^        –≤–µ–ª–∏–∫–∏–π –±–æ–ª–≥–∞—Ä—Å–∫–∏–π —è–∑—ã–∫          –æ—á–µ–Ω—å –¥—Ä—É–∂–µ–ª—é–±–Ω–∞—è –∫–æ—à–∫–∞...)                  –ü–ª—è–∂   –ú–æ—Ä–µ –ú–æ—Ä–µ)             4 3 2 1        3  –ó–æ–ª–æ—Ç–∞—è –æ—Å–µ–Ω—å 2 1   	0.0	47.666666666666664	153893668	0	0	0
419	22	1555	250	70.68181818181819	37.0	2.75	1	1	0.045454545454545456	0.0	                     	0.0	3.142857142857143	166701060	0	0	0
420	2	152	79	76.0	76.0	1.0	0	0	0.0	0.0	 	0.0	2.0	183240087	0	0	0
421	8	311	87	38.875	34.5	1.3333333333333333	1	1	0.125	0.0	       	0.0	2.6666666666666665	177557939	0	0	0
422	38	550	115	14.473684210526315	6.5	3.8	1	1	0.02631578947368421	0.0	                                     	0.0	9.5	346120308	0	0	0
423	12	1477	278	123.08333333333333	110.5	1.5	0	0	0.0	0.0	           	0.0	2.0	72929416	0	0	0
424	14	1754	241	125.28571428571429	104.5	1.4	1	1	0.07142857142857142	0.0	             	0.0	4.666666666666667	74324122	0	0	0
425	7	264	46	37.714285714285715	43.0	1.0	0	0	0.0	0.0	      	0.0	2.3333333333333335	152277289	0	0	0
426	20	174	49	8.7	4.5	2.857142857142857	2	1	0.1	0.0	                   	0.0	2.857142857142857	115455288	0	0	0
427	9	281	79	31.22222222222222	28.0	1.2857142857142858	0	0	0.0	0.0	        	0.0	3.0	357509100	0	0	0
